id,long,lat
12,131.54575171459908,71.05634912964598
22,86.32482776607786,73.13987359100534
41,21.105606573354724,69.90832340496299
49,86.8943934266453,69.90832340496299
60,158.89439342664528,69.90832340496299
65,-171.03669645502706,66.48981024509379
68,-162,64.6260204708312
81,-54,68.32213740025446
85,18.000000000000007,68.32213740025446
86,29.253613911465788,68.13244207623163
87,34.72112022706768,67.75700547356386
92,54,64.6260204708312
99,93.1056065733547,69.90832340496299
128,133.9229666723121,62.61720268018037
131,143.91557490000403,65.8852213357957
136,166.8269080740298,64.95265354411322
141,-169.9229666723121,62.61720268018037
172,-35.91557490000404,65.8852213357957
173,-18,62.81359336160486
184,31.03333147986966,66.3142814826434
193,62.44832521566649,64.55412378334077
194,67.06199412368682,65.29474755640541
195,71.91557490000405,65.88522133579569
213,155.1953065560439,63.21970347780903
218,-174.21867915101905,63.37988279340861
221,-162,61.00116625237852
228,-126.00000000000001,65.02715848251493
247,-6.530539592787312,61.46162561131814
251,11.195306556043915,63.21970347780903
252,18.000000000000007,65.02715848251492
253,24.804693443956094,63.21970347780903
262,66.21867915101906,63.37988279340861
263,70.72903945654343,64.00402214322202
270,113.78132084898094,63.37988279340861
293,-141.9333107663374,62.631239305823485
307,-74.3161109407346,62.11534502982725
324,33.93331076633741,62.63123930582347
326,39.24660780946437,60.220644900754756
329,54.00000000000001,59.18873914315216
331,61.4742492576801,60.80993263928322
336,87.72460034993777,63.358601287124145
353,166.2963713831768,61.657205145349934
363,-151.15273792877477,59.66498382440864
364,-144.20910434514457,58.90454890054958
366,-136.12176944815204,59.685027148694104
367,-130.2963713831768,61.65720514534995
370,-115.87823055184798,59.685027148694104
393,13.703628616823218,61.65720514534995
396,28.121769448152033,59.685027148694104
397,35.13464631727252,60.77229692050398
401,50.54036080619047,58.235766608420924
407,72.86535368272749,60.77229692050399
408,79.87823055184796,59.685027148694104
410,90,61.72243721458838
411,94.29637138317678,61.657205145349934
444,-103.98840317230734,58.438249850910836
465,11.897512270882036,59.92856160326416
466,15.960860404623109,60.05107775208465
472,47.27380991557361,57.19086999961206
474,54.00000000000001,55.56388492469949
497,156.46196782716333,56.62409680723172
530,-90,53.751457815473145
549,-8.640488045600188,54.2577550757737
557,23.53803217283666,56.62409680723172
559,29.527839873697786,57.89091207738344
568,57.00674783781452,52.79262603310994
601,126,50.126603597020456
606,138.11085757955254,52.942446822332776
615,169.06056534389347,54.76956324335592
621,-174.11085757955254,52.942446822332776
629,-133.06056534389347,54.76956324335592
630,-129.53947831108826,54.92560047199634
631,-126,54.977769743698914
644,-87.15431736179517,50.84324254535421
669,9.539664830445815,52.900563456815824
671,18,54.977769743698914
673,25.060565343893472,54.76956324335591
674,26.460335169554195,52.900563456815824
676,31.863184028545664,54.24411914991746
679,41.88914242044744,52.942446822332776
680,45.073712546631015,52.325689977307185
699,98.46033516955418,52.90056345681582
707,120.4430379919215,49.68148645819179
711,134.13852243406566,48.459436754900814
713,137.5710008147664,51.02396591654062
714,140.70114450985147,51.570742688348275
731,-131.092059715675,53.09892682206953
734,-119.47388519354453,51.2562014752847
736,-110.27015789464795,50.542416162017155
745,-81.47932523251713,50.39286848347058
759,-3.2988554901485134,51.57074268834827
760,2.2701578946479577,50.542416162017155
761,6.334327786455725,52.68822995409387
762,11.47388519354454,51.25620147528469
784,88.29997745549933,53.19851736349893
788,105.72984210535205,50.542416162017155
792,117.86147756593431,48.459436754900814
794,126,46.501749378567766
796,131.3611998005851,47.86651514946464
797,136.59606559884887,47.18240487661381
810,-126,51.446787708173034
811,-121.27334553186921,49.58218038170502
813,-113.30618343219061,50.85527692270423
814,-109.44378240020237,48.681567696919195
817,-100.59606559884885,47.18240487661381
818,-95.3611998005851,47.866515149464654
838,1.4437824002023714,48.681567696919195
839,5.3061834321906,50.85527692270424
842,18,51.44678770817302
846,30.693816567809403,50.85527692270423
863,86.72997807285603,51.39905072613075
868,106.55621759979763,48.681567696919195
873,123.3525651906852,47.212993089050634
886,-127.57759889351067,49.673723767250564
887,-122.95251504755751,47.88212248471105
888,-118.28060128620584,49.46511037964414
889,-115.30605725761815,49.27522117044704
890,-112.35790740877242,49.013567738811666
898,-87.43919405137767,45.397694840151985
899,-84.81786476885605,46.05107605452461
914,-4.5151663822057655,47.762834999510495
918,10.28060128620584,49.46511037964414
928,46.138383969141316,46.64682786179769
943,93.04748495244249,47.88212248471105
964,-117.17724957164356,47.66114134299039
965,-114.31506926099517,47.44668504581853
973,-87.5187768275853,43.582298837139774
975,-82.39226683947628,44.833248517021104
989,9.177249571643568,47.66114134299039
990,12.058854567986657,47.80653698000372
991,19.475739452099774,46.15914590370987
994,29.684930739004837,47.44668504581853
996,38.83503566526738,44.48272897337312
997,43.75174073529927,45.37402351946386
1027,143.28998952477386,43.06879902768981
1032,-124.52426054790023,46.15914590370988
1033,-123.28907148487266,44.41286958766443
1038,-107.96056504663709,44.944109354089896
1045,-90,41.06446805088874
1051,-77.85032150403352,42.24775486136504
1052,-72.71001047522614,43.06879902768983
1061,-8.365971196379322,41.75268920574642
1062,-5.850321504033523,42.24775486136504
1063,-0.7100104752261343,43.06879902768981
1066,7.199145967047731,44.02071634571647
1068,12.581394414124764,44.345731109885655
1070,16.524260547900237,46.15914590370988
1071,18.000000000000004,44.41594201744715
1072,23.41860558587524,44.345731109885655
1074,28.800854032952277,44.02071634571646
1079,41.85032150403353,42.247754861365024
1080,44.36597119637932,41.75268920574642
1081,46.841041383496304,41.20362240524786
1082,49.2729988886972,40.60247539669193
1116,-124.75890238721124,42.60249108905913
1121,-75.29714579241265,42.68701306776731
1124,1.1295744527151668,41.48738624526435
1126,19.241097612788764,42.60249108905913
1128,39.29714579241265,42.687013067767296
1132,73.12957445271516,41.48738624526435
1133,88.75890238721124,42.60249108905913
1136,111.29714579241265,42.687013067767296
1138,126,37.439613832436045
1150,-123.58826578758146,40.776404997874735
1151,-121.02336302200781,40.71439184618845
1152,-118.46568236776864,40.59298549494049
1153,-115.91979505356727,40.412643232947644
1155,-110.88073359725415,39.87806871537567
1170,-83.11383140303582,39.26852367193415
1182,-8.70673200472289,39.825782377152095
1188,7.919795053567268,40.412643232947644
1191,15.588265787581475,40.77640499787474
1192,20.411734212418533,40.77640499787472
1193,22.976636977992197,40.714391846188455
1195,28.08020494643274,40.412643232947644
1197,33.11926640274586,39.87806871537565
1198,37.26845188078019,41.179820446126264
1200,42.261637068179375,40.331203224725904
1202,44.706732004722895,39.825782377152095
1203,45.033999493444924,37.898446231836296
1207,49.685996734302904,36.720191259716245
1209,54,35.627186723209704
1210,58.31400326569712,36.720191259716245
1211,58.519247652383434,38.66123736285649
1212,60.62124936074749,37.33337816373482
1214,62.96600050655509,37.898446231836296
1215,63.293267995277105,39.8257823771521
1235,116.7067320047229,39.8257823771521
1244,134.65045496791697,35.97076305247888
1248,-122.48046714615135,38.93912412762497
1249,-119.98129443571854,38.850558385692985
1254,-105.70509730739867,37.394519929425435
1257,-96.36300875052348,35.398234463380106
1258,-92.09551334937889,34.37469158816008
1260,-87.90448665062111,34.37469158816008
1261,-83.63699124947654,35.398234463380106
1262,-81.34954503208303,35.9707630524789
1274,9.490655135660315,38.704745946544364
1278,21.519532853848656,38.93912412762498
1279,24.018705564281472,38.850558385692985
1285,43.028669540962,36.49533145671721
1286,45.349545032083036,35.97076305247888
1304,98.50934486433968,38.704745946544364
1305,100.98740874060184,38.50219990784004
1309,115.028669540962,36.49533145671721
1313,126,33.814759613983355
1317,136.6111780502028,34.57626210713851
1321,-121.42878935130503,37.09190258539345
1322,-118.99089982647175,36.9784896087147
1326,-109.65927507652215,36.11816464589752
1328,-100.61117805020281,34.57626210713853
1329,-98.34508666373765,34.042804838911
1333,-87.94861018249843,32.55907076825289
1341,-2.7696207479460915,35.49874775229291
1346,10.990899826471741,36.978489608714696
1347,13.42878935130503,37.09190258539345
1350,22.57121064869498,37.09190258539344
1355,36.563438708040536,35.82699322553883
1361,54,32.002332504757014
1364,62.34508666373767,34.042804838911
1367,71.43656129195948,35.82699322553883
1378,101.85275938322732,36.58656925553309
1379,104.10321003513482,36.37156425863507
1395,-120.4272939547152,35.2358373939336
1396,-118.04653412412114,35.09912818611635
1398,-113.47161456436035,34.720683723080356
1399,-111.2779071964891,34.49511064454511
1400,-109.09660557744087,34.232929084297275
1404,-94.0425392477407,31.267792762325314
1405,-92.01035615597266,30.743414432790757
1406,-90,30.189905395530673
1407,-87.98964384402734,30.743414432790757
1409,-83.90397720950831,31.76207096936013
1431,34.90339442255915,34.232929084297275
1432,37.070673122470325,33.93473768417974
1434,43.73589244757176,32.656577944654494
1435,47.903977209508305,31.762070969360117
1443,68.77756884347343,33.60120193513297
1444,70.92932687752969,33.93473768417973
1445,73.09660557744087,34.232929084297254
1446,75.2779071964891,34.49511064454509
1455,100.32399833702092,34.90912184800024
1456,102.52838543563965,34.720683723080356
1479,-117.14320663167537,33.21330129254366
1480,-114.983092925047,33.04951717163172
1487,-95.97637314614789,29.943499908956227
1494,-81.99258047866127,30.407224322466476
1510,11.470712229388916,33.371892688598656
1519,35.43844680695389,32.3446554284776
1524,48.02362685385209,29.94349990895622
1526,52.02784580986324,28.927726314264717
1532,66.123932420436,31.242049955403772
1533,68.34427212656496,31.702077688788577
1534,70.44563775012351,32.04023001289988
1537,76.83173419377678,32.84984225261036
1538,81.14320663167537,33.213301292543655
1547,103.16826580622322,32.84984225261035
1552,117.99258047866127,30.407224322466462
1553,120.02362685385211,29.943499908956227
1557,127.93655527490367,27.11201035310853
1558,129.89166222923126,27.632162768044488
1576,-116.43666128042378,31.360005140614696
1578,-112.22408598731013,30.97453672600173
1579,-110.1320496992472,30.730782082242335
1585,-97.85589923767222,28.58862421386523
1620,31.77591401268987,30.974536726001723
1622,35.94871300717921,30.45365357226941
1637,65.88837551800565,29.427837644437666
1640,72.05128699282079,30.45365357226941
1641,74.13204969924719,30.730782082242328
1642,76.22408598731015,30.974536726001723
1643,78.32608624922698,31.18442198082918
1649,91.06528399815373,31.7130454549862
1654,101.67391375077302,31.184421980829192
1655,103.77591401268985,30.974536726001723
1658,110.01698053807662,30.143705606904945
1673,124.82376413822402,25.093960081605744
1703,-113.32541930985731,29.278794859256053
1705,-109.20762298071567,28.793748488173527
1744,9.477734090424505,29.631760856491802
1750,22.1884561199009,29.828442139863668
1753,26.522265909575502,29.631760856491788
1755,30.674580690142708,29.278794859256045
1756,32.73841093459671,29.052569173670392
1769,50.901595872485885,25.62395588530842
1772,57.09840412751413,25.62395588530842
1785,75.26158906540329,29.052569173670406
1787,80.44044232230264,27.754225122374322
1788,81.4777340904245,29.631760856491788
1789,83.72096933419371,29.742836672598244
1790,84.84726331451508,27.97487500087758
1791,85.81154388009911,29.828442139863668
1795,95.15273668548494,27.97487500087758
1796,96.27903066580629,29.742836672598244
1798,99.55955767769736,27.754225122374322
1799,100.60210417249918,29.471985155084212
1800,102.67458069014269,29.278794859256045
1803,109.69694297152564,26.54895128158463
1804,110.8662252095399,28.18036937226799
1809,119.00644806427313,26.603734083601694
1812,121.76738662474432,24.127584441306553
1814,123.67556736445009,23.613815736156894
1888,67.2104580325806,24.300624238487558
1891,74.33007986933636,27.125589469151087
1892,76.3586229767803,27.367090313450518
1894,82.64183364662568,27.878580448447664
1895,85.93713498519172,26.19803776629883
1896,86.90703448459783,28.041301086581434
1897,88.96879037827308,28.07454799248694
1898,91.03120962172692,28.07454799248694
1899,94.06286501480828,26.19803776629883
1900,97.35816635337432,27.878580448447664
1901,100.56160273812112,25.869213259914503
1902,101.604212683373,27.576765466239863
1904,105.66992013066364,27.125589469151087
1905,108.56056289390105,24.908260621688854
1906,112.78954196741941,24.300624238487558
1907,114.8895043040917,23.961070161707283
1909,120.65844571861757,22.62366997210178
1910,122.55309060253822,22.125415373708933
1996,78.46788661249823,23.977537746305273
1998,83.7673363496497,26.115226577273482
1999,86.99416646793416,24.413235749782174
2000,87.96796740810235,26.246376859249878
2002,93.00583353206585,24.413235749782174
2004,98.39920451693392,26.005550324370773
2005,101.53211338750177,23.977537746305273
2006,102.57360841217077,25.675163432189123
2007,104.5780901046315,25.45004647291664
2008,107.45408888961515,23.259187023105483
2010,113.70436160971954,22.35099925247785
2013,121.45413914703143,20.629503406797767
2048,-104.37041225126607,22.676718206535995
2050,-99.37373920104328,20.040325963458756
2051,-96.42746386039418,21.11293364418512
2077,16.021657496289112,22.621299511459114
2101,77.5255179236114,22.07993523101935
2103,82.72424712477907,24.24644325724684
2104,84.85790192084238,24.3426951499802
2107,91.97834250371088,22.621299511459114
2108,95.14209807915762,24.34269514998023
2109,97.27575287522093,24.24644325724684
2110,99.40601222109215,24.12465354851544
2111,102.4744820763886,22.07993523101935
2112,103.5138760260696,23.767917033383156
2119,122.62533385460605,19.176210506310696
2153,-96.68140691406924,17.617890840859218
2156,-88.87500348384552,19.200948741518673
2161,-77.4441330824072,18.777875030407856
2176,9.714330006476516,22.369437072136364
2204,83.81423509801962,22.477892102085406
2205,85.91690967235466,22.56189484441417
2207,94.08309032764534,22.56189484441417
2209,98.28566999352348,22.369437072136364
2210,100.38212765759064,22.236712111417205
2212,109.3960457984916,19.40093529418283
2218,122.68935582090515,16.21740525618621
2263,-99.69981934632794,16.471138667244233
2264,-98.53853663983061,18.073649666724364
2265,-97.72186102490373,16.1034623210048
2267,-91.10363342154977,16.240232956886032
2268,-88.89636657845023,16.240232956886032
2270,-84.483111564252,16.171789001374165
2276,-72.31730213595785,17.75073540504603
2291,-0.3173021359578468,17.750735405046015
2310,38.32319466317271,17.460435416386957
2313,44.300180653672044,16.471138667244233
2326,73.69487660625518,18.020581708523125
2327,75.71299061657862,18.269578861317754
2328,76.60817690762686,20.177077140990406
2331,81.81995840898043,18.72348848758851
2332,83.86199264260937,18.83087814851349
2338,96.13800735739065,18.83087814851349
2339,98.18004159101957,18.72348848758851
2340,100.21921703953184,18.594005032637156
2341,104.28700938342138,18.269578861317754
2349,120.483111564252,16.171789001374137
2360,-95.516888435748,16.171789001374165
2365,2.657815733606601,16.44235642918899
2375,76.77702705999911,16.620634935800766
2379,105.34218426639339,16.44235642918899
2381,119.42050984107088,14.514187012764026
2383,123.80623062805873,14.602020143063811
2394,145.62235074306886,14.60995719986552
2443,-92.19376937194129,14.602020143063825
2444,-90,14.613013691056949
2445,-87.80623062805871,14.60202014306384
2447,-84.54656038417384,12.919464639719578
2448,-83.42050984107088,14.51418701276404
2465,-18.000000000000004,14.613013691056935
2472,-4.3139717549217504,13.735003788384063
2473,-2.3407272861485406,14.045361914604186
2480,13.864203082428842,15.436529244641264
2481,15.879532669924975,15.50238090370219
2490,38.34072728614854,14.045361914604186
2507,73.62235074306889,14.60995719986552
2509,79.82940963554213,15.114609748725414
2517,98.16127330806546,15.242504143086407
2518,100.17059036445787,15.1146097487254
2520,106.37764925693111,14.60995719986552
2521,108.36187631107389,14.337146242323897
2527,121.658299418616,11.319980937119169
2537,144.60403297085276,12.773066135286896
2578,-82.39520429678493,12.995264342208415
2588,-16.90910978081256,12.982889842707806
2590,-13.658299418616004,11.319980937119169
2593,-5.290408195507178,11.869005201622471
2594,-3.3307585936885484,12.188156952676962
2597,2.684441659060651,12.961993477296843
2602,14.847196049069622,13.736415196492345
2604,21.152803950930377,13.736415196492345
2611,37.36588469123492,12.48964502713794
2612,39.33075859368855,12.188156952676962
2613,41.29040819550717,11.869005201622471
2618,52.90910978081256,12.982889842707806
2627,74.68444165906064,12.961993477296843
2639,105.31555834093936,12.961993477296843
2640,107.39596702914723,12.773066135286896
2653,137.7426930439371,10.001580556958515
2654,139.69049681860645,10.328735160080143
2702,-83.52132298544244,11.400808006404077
2704,-78.2573069560629,10.001580556958544
2706,-72.39956988982374,10.932329141116782
2713,-15.828969782895246,11.350482882701328
2714,-14.757663734800527,9.716391663459873
2715,-10.509034441651453,9.877325255903784
2718,-4.309503181393549,10.328735160080143
2719,-2.3568786085201863,10.63912083657604
2720,-0.39956988982374875,10.932329141116782
2722,3.7301347336826236,11.308327124486823
2724,9.853884426377862,11.770750603225451
2725,11.841253765541829,11.87808711070177
2726,13.83032142008976,11.966223404342827
2727,18,11.988161114748976
2730,24.158746234458167,11.87808711070177
2734,34.33584480181223,11.12519991031634
2735,36.39956988982375,10.932329141116782
2737,40.30950318139356,10.328735160080143
2738,42.257306956062905,10.001580556958515
2752,75.73013473368262,11.308327124486823
2753,79.86853505067441,11.644363313016498
2764,106.33584480181221,11.12519991031634
2765,108.39956988982374,10.932329141116782
2770,117.50812116520684,8.349545284090027
2772,123.84652792372971,8.109326983488899
2776,134.49187883479314,8.349545284090027
2830,-84.63378547377356,9.801390519102881
2831,-82.50903444165145,9.877325255903813
2833,-77.27920590781207,8.467661222544834
2837,-67.23859337788052,9.649587785134557
2840,-11.621660955373013,8.277777105654252
2841,-9.508121165206859,8.349545284090027
2842,-7.393943141148254,8.412870787543909
2843,-5.2792059078120745,8.46766122254482
2844,-3.337143728693735,8.786160925784813
2845,-1.3907794817248689,9.088359235674645
2846,0.65800147658087,9.284303141238397
2847,2.708745991417497,9.471461361537635
2848,4.7614066221194715,9.649587785134557
2849,8.87224018525341,9.977798725029317
2850,10.84862033871655,10.094313570605806
2851,12.826694166101486,10.192418842440148
2852,16.965279414945503,10.222700914282683
2853,19.034720585054497,10.222700914282683
2854,21.10410230042358,10.212603574583909
2855,23.173305833898514,10.192418842440148
2858,31.23859337788053,9.649587785134557
2859,33.291254008582506,9.471461361537635
2860,35.34199852341912,9.284303141238397
2863,41.27920590781206,8.46766122254482
2878,76.76140662211948,9.649587785134543
2887,99.12775981474658,9.977798725029317
2895,116.5170523330188,6.817976943547308
2896,118.62038755986231,6.74967006755179
2897,120.72314480330715,6.6737332698792216
2905,143.66370261325346,7.439921261707028
2907,147.73972399487712,7.812479580672957
2908,149.78016464734077,7.98637681224011
2916,168.16580988948158,8.415586484682478
2960,-81.50812116520686,8.349545284090027
2962,-76.30887820114407,6.9313293788354855
2963,-74.37182514777768,7.241742193283102
2964,-72.33629738674651,7.439921261707042
2966,-68.2602760051229,7.812479580672957
2972,-12.723144803307164,6.6737332698792216
2973,-10.620387559862326,6.74967006755179
2975,-6.413195960739063,6.8785587119467095
2978,-0.33629738674651277,7.439921261707028
2979,1.700893163385151,7.630248718347147
2980,3.739723994877101,7.812479580672957
2981,5.780164647340772,7.98637681224011
2982,9.86571385883567,8.308264340269261
2983,11.834190110518412,8.415586484682478
2984,15.944607010647207,8.452554209046014
2985,18,8.457179079223096
2988,24.16580988948159,8.415586484682478
2991,32.26027600512289,7.812479580672957
2992,34.299106836614854,7.630248718347147
2993,36.33629738674652,7.439921261707028
2994,38.3718251477777,7.241742193283102
3010,77.78016464734077,7.9863768122400955
3011,81.86571385883566,8.308264340269261
3016,92.0553929893528,8.452554209046014
3018,98.13428614116434,8.308264340269261
3026,115.53433307863499,5.283112025949919
3027,117.628461994592,5.21758004287031
3028,119.7221305017905,5.145118819461899
3029,121.81529987422161,5.0658266760996895
3034,132.2778694982095,5.145118819461899
3047,158.93586475137215,6.678342754788957
3048,160.9786098519233,6.6867647246739494
3105,-77.43978497357654,5.341625773205848
3106,-75.34486117229464,5.393041757462981
3108,-71.29566098576211,5.785312755278085
3109,-69.26902791756035,5.970795546565441
3111,-65.21174264701712,6.319271558627889
3114,-59.10677494607975,6.661509808570258
3115,-57.06413524862784,6.678342754788957
3121,-3.344861172294643,5.393041757462981
3122,-1.32093959678649,5.592646348746712
3123,0.7043390142378926,5.7853127552780705
3125,4.758950240654365,6.148857820526928
3127,8.8188705696689,6.481817974417908
3128,10.850760417011468,6.636287854330064
3130,14.935864751372147,6.678342754788957
3131,16.978609851923284,6.6867647246739494
3133,21.064135248627846,6.678342754788957
3137,29.21174264701713,6.319271558627889
3140,35.29566098576211,5.7853127552780705
3141,37.32093959678649,5.592646348746712
3143,41.439784973576536,5.341625773205834
3162,80.8188705696689,6.481817974417908
3171,99.1811294303311,6.481817974417908
3172,101.21174264701712,6.319271558627889
3181,153.7715388041382,4.9199733888813455
3192,-60.120981616493374,4.992222476716918
3193,-55.02139014807672,6.686764724673964
3197,9.771538804138192,4.9199733888813455
3198,11.87901838350662,4.992222476716904
3201,38.385721933048224,3.8532441358131706
3208,98.22846119586181,4.9199733888813455
3210,113.49072667742999,1.9565011182055514
3211,114.51363283225996,3.6185560927279425
3213,116.60708516231426,3.5553894277119014
3214,117.67829265825937,1.8279531404494662
3215,118.70018953618364,3.4859971326302173
3218,123.95763929326294,1.594679923610883
3219,127.02284243899973,3.2414479736995645
3220,128.04236070673704,1.594679923610883
3238,162,5.026958509848043
3312,-77.49072667742999,1.9565011182055656
3319,-68.31199403121926,4.4174132667896515
3320,-67.35584822367298,2.8647122247526795
3321,-66.28523360725949,4.59207838223729
3322,-63.30212724565068,3.20193090587307
3323,-62.228461195861804,4.9199733888813455
3325,-58.08074486932353,5.0115106203666215
3327,-56.040399628715655,5.023095089158417
3328,-55.0195945993973,3.367642009669325
3329,-54,5.026958509848058
3330,-52.980405400602706,3.367642009669325
3331,-51.959600371284345,5.023095089158417
3343,8.697872754349321,3.2019309058730556
3344,12.902130949893705,3.346565393196883
3346,16.98040540060271,3.367642009669325
3347,19.01959459939729,3.367642009669325
3348,21.05876298847418,3.3606123923704274
3349,23.097869050106297,3.346565393196883
3350,27.302127245650674,3.2019309058730556
3351,29.329416610216548,3.0365701589536513
3352,31.355848223672982,2.864712224752651
3353,33.381425141472256,2.6865737044497138
3354,35.406155121610176,2.502381777984965
3355,37.430050556082726,2.3123738805783915
3358,43.58463179695804,1.8949858220471327
3386,95.09786905010628,3.3465653931968546
3387,99.30212724565068,3.2019309058730556
3388,101.32941661021654,3.0365701589536513
3389,103.35584822367298,2.864712224752637
3392,109.43005055608273,2.3123738805783915
3393,110.50373293181107,0.5881187313814848
3397,122.93975187382918,-0.052591960310834907
3398,127.02008690839705,-0.05822906904850811
3399,129.06024812617082,-0.052591960310834907
3400,133.2500920565345,0.1014097101503495
3458,-78.55939836595043,0.2369066585042674
3459,-75.460321747304,2.1323825915593915
3461,-70.45129649235908,0.9569458676344027
3462,-68.42554541925422,1.1377786342415135
3463,-64.37219522067949,1.4827701951343215
3466,-56.039110581384946,1.7093439013500387
3467,-54,1.7125116083336422
3474,13.921810717155596,1.6998472451208357
3476,18.000000000000004,1.712511608333628
3477,20.039110581384953,1.7093439013500387
3478,22.078189282844413,1.6998472451208357
3480,28.372195220679497,1.4827701951343073
3481,30.39918287271175,1.3131274464671066
3482,32.425545419254206,1.1377786342414993
3483,34.45129649235908,0.9569458676343885
3484,36.47645340849738,0.7708624088690925
3485,38.50373293181107,0.5881187313814848
3497,73.54870350764094,0.9569458676343885
3508,100.37219522067949,1.4827701951343073
3509,102.39918287271176,1.3131274464671066
3514,111.57445458074578,-1.1377786342415135
3515,115.62780477932051,-1.4827701951343215
3517,121.9218107171556,-1.69984724512085
3518,126,-1.7125116083336422
3519,128.03911058138493,-1.7093439013500387
3520,130.07818928284442,-1.6998472451208357
3521,134.2741313796936,-1.5512415640981487
3522,136.3721952206795,-1.4827701951343215
3524,142.45129649235906,-0.9569458676344027
3525,144.47645340849738,-0.7708624088690925
3536,173.44060163404959,-0.2369066585042674
3578,-79.62780477932051,-1.4827701951343073
3579,-76.5313744272245,0.41005717823819055
3580,-74.50373293181109,0.5881187313814991
3581,-71.52354659150262,-0.7708624088690783
3582,-69.49626706818893,-0.5881187313814848
3585,-61.2500920565345,-0.1014097101503495
3597,16.979913091602963,0.0582290690484939
3598,19.02008690839704,0.0582290690484939
3600,25.250092056534506,-0.10140971015036371
3601,27.345268834978214,-0.1715192210077987
3602,29.440601634049585,-0.2369066585042674
3603,31.4686255727755,-0.41005717823819055
3604,33.49626706818894,-0.5881187313814848
3605,35.523546591502615,-0.7708624088690925
3606,37.54870350764092,-0.9569458676344027
3607,39.574454580745794,-1.1377786342415135
3617,99.34526883497821,-0.1715192210077987
3626,120.9021309498937,-3.346565393196883
3628,127.0195945993973,-3.367642009669325
3629,129.05876298847417,-3.3606123923704274
3631,135.3021272456507,-3.20193090587307
3632,139.35584822367298,-2.864712224752651
3633,141.38142514147225,-2.6865737044497138
3634,143.4061551216102,-2.502381777984965
3636,147.460321747304,-2.1323825915593773
3637,149.49072667743,-1.9565011182055514
3638,151.58463179695804,-1.894985822047147
3688,-77.60081712728824,-1.3131274464671066
3690,-73.54870350764094,-0.9569458676343885
3692,-66.50927332257001,-1.9565011182055514
3699,-45.67829265825937,-1.8279531404494804
3704,11.7716914083171,-1.7554905837516657
3710,28.415368203041954,-1.894985822047147
3711,30.509273322570007,-1.9565011182055514
3715,38.618574858527744,-2.6865737044497138
3718,98.32170734174063,-1.8279531404494804
3719,100.41536820304196,-1.894985822047147
3720,102.50927332257001,-1.9565011182055656
3728,119.87901838350663,-4.992222476716918
3729,123.95960037128435,-5.023095089158417
3734,134.22846119586183,-4.9199733888813455
3735,138.2852336072595,-4.592078382237261
3736,140.31199403121929,-4.417413266789637
3737,142.33766122912382,-4.235896230237543
3738,144.362235281277,-4.047759363068366
3741,150.51363283226,-3.6185560927279425
3742,152.60708516231426,-3.5553894277119156
3790,-78.67058338978346,-3.0365701589536513
3791,-76.64415177632702,-2.864712224752637
3792,-74.61857485852775,-2.6865737044497138
3793,-72.59384487838983,-2.502381777984965
3794,-69.61427806695178,-3.8532441358131706
3801,-52.977157561000276,-3.2414479736995645
3802,-48.79291915020579,-3.4104723831211317
3809,10.700189536183645,-3.4859971326302173
3811,16.977157561000272,-3.2414479736995645
3815,27.392914837685733,-3.5553894277119156
3816,29.486367167740024,-3.6185560927279425
3818,33.614278066951776,-3.8532441358131706
3819,35.637764718723,-4.047759363068366
3820,37.66233877087617,-4.235896230237543
3821,39.68800596878073,-4.417413266789637
3827,101.48636716774001,-3.6185560927279425
3828,103.58013866748576,-3.675414081109892
3830,106.6790604032135,-5.592646348746726
3831,108.70433901423789,-5.785312755278085
3832,110.73097208243965,-5.970795546565441
3833,112.75895024065436,-6.148857820526928
3837,120.89322505392025,-6.661509808570258
3841,129.06413524862785,-6.678342754788957
3842,131.10677494607975,-6.661509808570258
3844,135.1811294303311,-6.481817974417908
3846,139.24104975934563,-6.148857820526928
3847,141.26902791756035,-5.970795546565441
3848,143.2956609857621,-5.7853127552780705
3849,145.3209395967865,-5.592646348746712
3850,147.34486117229466,-5.393041757462981
3851,149.43978497357654,-5.341625773205834
3852,151.534333078635,-5.283112025949933
3853,153.628461994592,-5.21758004287031
3854,155.7221305017905,-5.145118819461899
3855,157.8152998742216,-5.0658266760996895
3856,159.9079340856028,-4.979811100601282
3913,-78.78825735298288,-6.319271558627889
3914,-76.75895024065437,-6.148857820526928
3915,-74.73097208243965,-5.970795546565441
3916,-72.70433901423789,-5.785312755278056
3918,-68.65513882770536,-5.393041757462967
3926,-51.90793408560279,-4.979811100601282
3927,-49.81529987422162,-5.0658266760996895
3928,-47.72213050179051,-5.145118819461899
3938,13.815299874221617,-5.0658266760996895
3939,15.907934085602792,-4.979811100601282
3940,18,-4.887188577332452
3942,22.18470012577838,-5.0658266760996895
3945,28.465666921365006,-5.283112025949933
3946,30.560215026423467,-5.341625773205834
3948,34.679060403213505,-5.592646348746712
3949,36.704339014237895,-5.7853127552780705
3950,38.73097208243964,-5.970795546565441
3958,104.65513882770536,-5.393041757462981
3960,119.83419011051842,-8.415586484682493
3962,146.37182514777768,-7.241742193283102
3963,148.30887820114407,-6.9313293788354855
3974,-67.69112179885593,-6.931329378835457
3976,-40.30887820114408,-6.9313293788354855
3984,107.66370261325349,-7.439921261707042
3986,109.70089316338515,-7.630248718347161
3988,111.7397239948771,-7.812479580672971
3990,113.78016464734077,-7.986376812240124
3992,120.82669416610149,-10.192418842440148
3993,122.89589769957644,-10.212603574583909
3994,124.96527941494551,-10.222700914282697
4000,138.21983535265923,-7.98637681224011
4002,140.2602760051229,-7.812479580672957
4003,141.29125400858248,-9.471461361537635
4004,142.29910683661484,-7.630248718347147
4005,143.34199852341914,-9.28430314123841
4006,144.33629738674654,-7.439921261707028
4008,149.27920590781207,-8.46766122254482
4009,151.39394314114824,-8.412870787543909
4011,155.62166095537302,-8.277777105654252
4012,157.73448708035247,-8.197667622934134
4013,159.84652792372972,-8.109326983488899
4025,178.60922051827512,-9.088359235674645
4030,-171.12775981474658,-9.977798725029317
4086,-75.73972399487711,-7.812479580672942
4087,-73.70089316338516,-7.630248718347147
4088,-71.6637026132535,-7.439921261707028
4089,-70.60922051827514,-9.088359235674645
4091,-66.72079409218793,-8.467661222544805
4094,-63.4829476669812,-6.817976943547308
4101,-51.84652792372972,-8.109326983488899
4107,-37.39077948172488,-9.088359235674659
4121,30.720794092187933,-8.46766122254482
4122,34.60922051827514,-9.088359235674659
4123,35.66370261325348,-7.439921261707028
4125,37.70089316338515,-7.630248718347147
4126,38.7087459914175,-9.471461361537635
4146,134.14611557362213,-11.77075060322548
4149,142.33584480181221,-11.125199910316354
4151,148.30950318139355,-10.328735160080143
4152,150.2573069560629,-10.001580556958544
4153,152.38350778393394,-9.944088211291316
4156,158.75766373480053,-9.716391663459888
4158,165.24233626519947,-9.716391663459873
4170,-165.1041023004236,-10.212603574583895
4172,-160.9652794149455,-10.222700914282683
4180,-140.66285627130625,-8.786160925784813
4204,-76.76140662211948,-9.649587785134543
4205,-74.7087459914175,-9.471461361537635
4206,-72.65800147658088,-9.284303141238397
4207,-71.60043011017626,-10.932329141116782
4210,-63.61649221606608,-9.944088211291302
4211,-61.49096555834855,-9.877325255903784
4214,-50.75766373480052,-9.716391663459888
4215,-48.63378547377355,-9.801390519102881
4229,27.61649221606606,-9.944088211291316
4230,29.74269304393709,-10.001580556958544
4232,35.600430110176255,-10.932329141116782
4234,39.730134733682625,-11.308327124486823
4252,127.05096579155511,-13.748283316937602
4253,129.15280395093038,-13.73641519649236
4254,133.15409609380032,-13.56162701917168
4256,137.1472653787946,-13.307410260920989
4262,153.38340769971794,-11.471721852812465
4265,162,-11.360656477253855
4267,166.341700581384,-11.319980937119169
4268,170.61659230028206,-11.471721852812465
4313,-75.73013473368262,-11.308327124486823
4314,-73.66415519818779,-11.12519991031634
4315,-72.60403297085278,-12.773066135286896
4318,-64.75531921051765,-11.53261704498506
4319,-62.61659230028208,-11.471721852812465
4320,-58.341700581383996,-11.319980937119169
4322,-54,-11.360656477253855
4323,-49.658299418616004,-11.319980937119169
4335,24.478677014557565,-11.400808006404063
4341,38.684441659060646,-12.961993477296843
4357,123.879532669925,-15.502380903702203
4358,126.00000000000001,-15.508778110070068
4360,132.14953917367302,-15.349862617520714
4361,134.16127330806546,-15.242504143086421
4362,136.17059036445787,-15.114609748725414
4364,142.3776492569311,-14.60995719986552
4374,167.45343961582614,-12.919464639719578
4377,176.66924140631144,-12.188156952676962
4379,-178.3776492569311,-14.60995719986552
4382,-171.15187588412542,-13.444366974145353
4420,-74.68444165906064,-12.961993477296843
4422,-70.6341153087651,-12.489645027137925
4423,-68.66924140631147,-12.188156952676962
4424,-66.70959180449283,-11.869005201622457
4425,-63.75712913416692,-13.060283958731063
4426,-59.453439615826156,-12.919464639719578
4429,-52.90910978081256,-12.982889842707806
4430,-48.54656038417385,-12.919464639719578
4443,29.718590565814356,-13.40649559016039
4464,122.89900780905745,-17.209990668257063
4465,124.92965239532225,-17.263473569557434
4466,127.07034760467775,-17.263473569557434
4467,131.13017983671827,-17.134865028790912
4468,133.15743161523977,-17.038206804129345
4469,135.1822801888524,-16.920159503332826
4473,145.33706381028577,-15.89976105633896
4482,166.38708346965169,-14.569058719938837
4483,168.5794901589291,-14.514187012764026
4527,-71.63812368892611,-14.337146242323897
4529,-67.68602824507826,-13.735003788384063
4530,-65.71859056581435,-13.40649559016039
4532,-60.579490158929126,-14.514187012764026
4533,-58.38708346965169,-14.569058719938837
4535,-54,-14.613013691056935
4536,-51.806230628058714,-14.602020143063811
4549,22.38708346965169,-14.569058719938852
4553,30.69187376375861,-15.279179558546232
4554,32.674296580308095,-15.599010825003901
4557,40.777027059999114,-16.62063493580078
4575,121.90636769158587,-18.916009404306593
4577,126,-19.01900680547486
4586,144.31730213595785,-17.750735405046015
4587,146.3231946631727,-17.460435416386957
4597,167.516888435748,-16.171789001374137
4602,177.6768053368273,-17.460435416386957
4608,-170.18004159101957,-18.72348848758851
4655,-69.67680533682731,-17.460435416386957
4656,-67.67751472539084,-17.150102516042764
4657,-65.68510535756764,-16.820181298054308
4659,-61.72186102490374,-16.103462321004784
4662,-55.10363342154978,-16.240232956886032
4669,-40.322485274609164,-17.150102516042764
4678,23.516888435748,-16.17178900137415
4681,29.68510535756763,-16.820181298054308
4685,37.694876606255185,-18.02058170852314
4696,139.39182309237316,-20.177077140990406
4697,141.31985009898878,-19.939113007964536
4700,168.68140691406924,-17.617890840859204
4703,-175.39182309237316,-20.177077140990406
4723,24.68140691406925,-17.617890840859204
4724,26.53853663983062,-18.073649666724336
4733,117.71433000647653,-22.369437072136378
4735,121.91690967235465,-22.561894844414198
4738,130.08309032764535,-22.561894844414184
4745,146.49930667504785,-21.043199133426015
4752,163.12499651615448,-19.200948741518673
4817,-68.57621599107209,-19.09979186593941
4820,-65.40756308530558,-20.39580473220353
4822,-63.3737392010433,-20.04032596345874
4825,-55.1249965161545,-19.20094874151866
4838,23.623367742160262,-19.126776944559865
4852,114.46788661249823,-23.977537746305273
4860,133.27575287522095,-24.246443257246867
4873,164.27329290415526,-20.668101221549435
4874,166.5458608529686,-20.629503406797767
4875,168.4274638603942,-21.11293364418512
4926,-58.54586085296857,-20.629503406797767
4933,-41.704361609719534,-22.350999252477862
4938,20.273292904155266,-20.668101221549435
4941,28.230107189484027,-22.00298349805621
4942,30.295638390280462,-22.350999252477862
4943,32.370412251266075,-22.676718206535995
4953,115.43839726187888,-25.869213259914503
4958,128.03203259189766,-26.246376859249885
4961,134.39920451693393,-26.005550324370773
4966,146.67971706545202,-24.61653508316165
4974,165.44690939746178,-22.125415373708933
4975,167.34155428138243,-22.62366997210178
5025,-61.250633819294414,-23.09617666804563
5026,-59.34155428138245,-22.62366997210178
5027,-57.44690939746177,-22.125415373708933
5029,-52.850894707799476,-22.152194256433404
5036,16.850894707799476,-22.152194256433404
5042,31.210458032580597,-24.300624238487558
5043,33.320282934547976,-24.61653508316165
5052,114.395787316627,-27.576765466239863
5059,131.15273668548494,-27.97487500087758
5061,135.55955767769734,-27.75422512237433
5063,141.66992013066363,-27.125589469151095
5065,145.69694297152563,-26.548951281584635
5066,147.84469458676017,-26.243998283287453
5106,-109.69694297152564,-26.54895128158463
5124,-62.095679940677236,-25.076015236824844
5125,-60.15649089398803,-24.615240563914895
5126,-58.232613375255674,-24.127584441306553
5137,20.324432635549904,-23.613815736156894
5138,22.23261337525567,-24.127584441306553
5139,24.156490893988032,-24.615240563914895
5154,134.52226590957548,-29.631760856491802
5155,138.6745806901427,-29.278794859256053
5156,140.73841093459671,-29.052569173670406
5159,146.86622520953992,-28.18036937226799
5224,-57.09840412751413,-25.62395588530842
5225,-55.176235861775986,-25.093960081605744
5226,-52.823764138224014,-25.093960081605744
5251,133.4456479917418,-31.500919847080084
5257,146.01698053807664,-30.143705606904945
5258,148.07162633820346,-29.801547234309602
5260,152.13605382720783,-29.023281506329383
5327,-59.864939390474646,-28.124647111744643
5332,-50.108337770768756,-27.632162768044488
5342,27.86394617279218,-29.023281506329383
5362,143.4384468069539,-32.3446554284776
5367,151.73589244757176,-32.656577944654494
5368,153.99258047866127,-30.407224322466462
5415,-68.77756884347343,-33.60120193513297
5416,-68.34427212656496,-31.702077688788577
5433,19.972154190136763,-28.927726314264717
5489,144.56343870804054,-35.82699322553883
5604,-68.70285420758735,-42.687013067767296
5647,-67.48483361779424,-47.762834999510495
5654,-74.27015789464795,-50.542416162017155
5662,-69.38145013376857,-53.470325361916615
5665,-66.69367140372349,-54.85900618515244
5729,29.41564152594812,63.001378181787395
5733,174.89391233887787,61.18820363492546
5763,-99.80222441485994,56.0625872149364
5777,-4.694046714352052,56.65077717498499
5780,21.875698061016028,58.35011580833984
5781,25.72631086464096,58.177130057379216
5784,47.58866376335335,55.379551013246996
5791,86.12430193898398,58.35011580833984
5811,10.939434656106537,54.769563243355904
5826,-0.09757450808609375,52.02949030027548
5829,71.90242549191392,52.02949030027546
5832,143.1416774064969,50.14865125085745
5838,-122.72997807285601,51.39905072613075
5842,-0.8583225935030767,50.14865125085745
5843,14.729978072856023,51.39905072613076
5846,93.27002192714399,51.39905072613075
5852,-124.42240110648933,49.67372376725057
5853,-106.43656484589395,48.26354134361101
5854,-73.56343515410605,48.26354134361101
5857,16.42240110648934,49.67372376725057
5861,109.56343515410605,48.263541343611
5869,-121.7245458961838,46.121447133560665
5870,-118.93197993224598,46.016862215044654
5871,-116.15315561368473,45.845890868931264
5880,-80.07138702050266,43.56405675770588
5882,-66.60559110906769,45.60933712747419
5883,-63.84684438631527,45.84589086893128
5889,5.39440889093231,45.60933712747418
5890,8.153155613684735,45.84589086893128
5891,10.931979932245984,46.01686221504465
5892,13.724545896183798,46.121447133560665
5896,33.338290901893984,45.30829179286645
5897,44.07138702050265,43.56405675770588
5898,46.62574166931424,43.01881357548904
5919,-109.8978004224839,43.44650620919714
5923,87.28907148487266,44.41286958766441
5926,-122.1235177223443,42.56891009284644
5933,-1.2684518807801977,41.179820446126264
5935,8.874415965555183,42.317142066727534
5936,11.493629220679123,42.47366494392573
5945,83.49362922067913,42.47366494392573
5955,40.23992122407603,38.877470584638374
5956,67.76007877592399,38.87747058463836
5965,-87.85698057934417,36.19027327236084
5970,16.82638047681034,38.98125441759045
5972,40.67634569033075,36.970397827786286
5975,67.32365430966925,36.97039782778629
5976,74.25276793761954,38.000011153604405
5985,-107.43656129195946,35.826993225538835
5992,-5.093047054799972,35.06203666388445
5997,49.7832458112366,34.90288508847475
6000,75.89678996486518,36.37156425863507
6018,14.654315689210094,35.312863219642686
6024,77.47161456436035,34.720683723080356
6026,109.07067312247031,33.93473768417973
6039,45.82985465941031,32.22530421894845
6050,-107.16466430385327,28.502831057927914
6060,79.39789582750082,29.471985155084212
6062,108.83533569614674,28.502831057927906
6063,115.95029250168345,25.509166245326682
6068,-108.31122536462443,26.85270962993323
6080,68.15530541323982,26.243998283287453
6082,93.09296551540217,28.041301086581434
6083,107.68877463537557,26.85270962993321
6084,111.84469458676018,26.243998283287453
6085,116.82623233732257,23.542209271640644
6103,69.32028293454798,24.61653508316165
6104,77.42639158782923,25.675163432189123
6105,92.03203259189765,26.246376859249878
6106,106.57405322523513,25.194261409221596
6107,110.67971706545202,24.61653508316165
6114,-98.32233672341123,21.570988853998273
6123,31.513876026069607,23.767917033383156
6129,91.00212612902254,24.444514230838095
6130,105.48815930287353,23.528330932916745
6131,109.54600231273571,22.979614567537695
6159,-102.5558669175928,18.777875030407856
6161,-92.22790155748781,17.712859246674554
6162,-90,17.724745622994718
6163,-87.77209844251219,17.712859246674554
6168,-13.544772297438646,17.677220567364017
6182,54,17.724745622994703
6186,80.73421324626985,20.485038015279642
6187,82.80265857783233,20.60454421149005
6188,84.87395116380078,20.700802820283457
6189,93.05251031736223,20.773658173909993
6190,95.12604883619922,20.700802820283457
6191,97.19734142216767,20.60454421149005
6192,99.26578675373015,20.485038015279642
6193,105.31985009898878,19.939113007964522
6200,102.25503309395145,18.442625294897127
6207,-3.3257034196919077,15.599010825003901
6208,-1.3370638102857746,15.89976105633896
6212,14.899007809057423,17.209990668257063
6213,23.130179836718284,17.134865028790912
6218,39.325703419691905,15.599010825003901
6226,80.81771981114764,16.920159503332826
6237,121.61291653034831,14.569058719938837
6249,122.72753192086236,12.961735462041034
6266,-10.395204296784927,12.9952643422084
6267,4.7673803043291185,13.140192375304665
6273,76.76738030432912,13.140192375304665
6275,103.23261969567088,13.14019237530465
6276,119.52132298544242,11.400808006404048
6277,123.82896978289523,11.350482882701314
6290,-74.35687860852019,10.639120836576055
6295,-11.521322985442445,11.400808006404063
6296,5.798290869702655,11.481462086035904
6297,15.915085607218705,11.982675483780554
6298,30.201709130297345,11.481462086035904
6302,77.79829086970265,11.481462086035904
6303,92.08491439278129,11.982675483780554
6306,124.91916786028654,9.73593688068705
6324,-12.633785473773548,9.801390519102881
6326,14.895897699576418,10.212603574583895
6331,78.81592667342436,9.818443797247497
6334,121.73448708035245,8.197667622934134
6335,124.92671387746233,6.499395585731833
6337,151.82217670942424,8.151711719811416
6362,-78.41319596073906,6.8785587119467095
6365,-13.734487080352459,8.197667622934134
6366,7.822176709424227,8.15171171981143
6367,13.889306381157066,8.43868480670551
6368,28.17782329057577,8.151711719811416
6373,94.11069361884293,8.43868480670551
6375,124.97715756100027,3.2414479736995645
6384,5.714766392740505,4.592078382237261
6386,18,5.026958509848043
6388,22.080744869323546,5.011510620366607
6389,30.285233607259492,4.592078382237261
6390,32.31199403121926,4.417413266789637
6391,34.33766122912383,4.235896230237529
6392,36.36223528127701,4.0477593630683515
6402,102.2852336072595,4.592078382237261
6406,121.86481181176755,1.6776964997837212
6423,120.84491801565116,0.02667112530835425
6425,131.15508198434887,0.02667112530835425
6440,-66.39918287271176,1.313127446467135
6442,-51.960889418615054,1.7093439013500387
6445,24.176126962329448,1.6236337663535636
6454,119.82387303767057,-1.6236337663535636
6455,123.96088941861505,-1.7093439013500387
6456,132.17612696232945,-1.6236337663535636
6472,-60.176126962329434,1.6236337663535636
6481,113.60081712728825,-1.313127446467135
6482,118.79998156505752,-3.272692301753807
6483,122.94123701152583,-3.3606123923704274
6484,133.2000184349425,-3.272692301753807
6485,138.39918287271175,-1.313127446467135
6488,167.15508198434884,-0.02667112530835425
6500,-59.15508198434885,-0.02667112530835425
6504,13.864811811767556,-1.6776964997837354
6509,121.91925513067648,-5.0115106203666215
6510,137.32941661021655,-3.0365701589536513
6536,-77.7147663927405,-4.592078382237261
6537,-75.68800596878074,-4.417413266789623
6538,-73.66233877087618,-4.235896230237529
6539,-71.63776471872299,-4.0477593630683515
6543,14.88524931303455,-3.3289183361187895
6550,117.86571385883568,-8.308264340269275
6551,123.94460701064722,-8.452554209046028
6552,126,-8.457179079223096
6553,128.0553929893528,-8.452554209046028
6554,130.11069361884296,-8.438684806705524
6555,150.41319596073905,-6.8785587119467095
6557,154.62038755986234,-6.74967006755179
6558,156.72314480330715,-6.6737332698792216
6562,-44.517052333018825,-6.817976943547308
6583,-79.82217670942423,-8.151711719811416
6584,-58.265512919647556,-8.197667622934134
6591,132.15874623445816,-11.878087110701784
6593,147.33714372869375,-8.786160925784813
6594,160.9191678602865,-9.73593688068705
6606,-52.91916786028652,-9.73593688068705
6610,32.66285627130626,-8.786160925784813
6616,131.15428261323189,-13.659021797730006
6619,159.82896978289523,-11.350482882701314
6620,168.47867701455755,-11.400808006404063
6630,-60.47867701455757,-11.400808006404048
6635,33.64312139147981,-10.63912083657604
6636,40.76738030432912,-13.140192375304665
6641,130.13579691757116,-15.436529244641264
6646,-175.23261969567088,-13.140192375304665
6654,-76.76738030432912,-13.140192375304665
6655,-61.60479570321508,-12.9952643422084
6659,14.72753192086238,-12.961735462041034
6661,39.721235634300704,-14.794034208127869
6665,129.10099219094258,-17.209990668257063
6666,144.3618763110739,-14.337146242323897
6698,-68.6742965803081,-15.599010825003901
6699,-66.69187376375862,-15.279179558546232
6700,-64.71588860474829,-14.940712121490506
6704,35.6381236889261,-14.337146242323897
6707,-149.74496690604855,-18.442625294897127
6713,116.73421324626986,-20.485038015279656
6715,120.87395116380078,-20.700802820283457
6719,135.26578675373014,-20.485038015279656
6720,137.33080139410487,-20.34247439578533
6733,-158.94748968263775,-20.773658173909993
6752,-56.22790155748781,-17.712859246674526
6758,15.772098442512188,-17.712859246674526
6760,20.227901557487815,-17.712859246674526
6761,22.455227702561352,-17.677220567364017
6767,44.734213246269846,-20.485038015279656
6779,169.4924567674951,-19.59604950964318
6814,-62.322336723411226,-21.570988853998244
6821,151.95029250168344,-25.509166245326682
6826,-144.31122536462442,-26.8527096299332
6828,-135.17376766267745,-23.542209271640644
6838,28.049707498316554,-25.509166245326682
6871,151.9431229281896,-30.84035009891288
6881,28.0568770718104,-30.84035009891288
6930,175.76007877592397,-38.877470584638374
6960,171.1668253665344,69.7977490476664
7000,-126,47.92617071285194
7001,-105.77972422797791,46.374739017458865
7005,18,47.926170712851956
7020,41.473302205159385,44.05267372054993
7029,-75.78118231320573,40.78307730271873
7031,-3.781182313205724,40.78307730271871
7033,21.876482277655693,42.56891009284644
7035,68.21881768679428,40.78307730271871
7045,35.466736364150115,39.6036438278448
7059,43.046609015665645,27.471262301052022
7061,115.04660901566564,27.471262301052022
7064,-154.50754323250493,19.596049509643194
7068,-97.49245676749509,19.596049509643194
7072,32.42828869616308,21.85569627818684
7073,75.57171130383693,21.85569627818684
7075,104.42828869616307,21.855696278186855
7076,121.54477229743864,17.677220567364017
7083,-94.45522770256134,17.67722056736403
7093,101.33080139410488,20.34247439578533
7101,6.795727397067164,16.78089941775407
7106,101.20427260293283,16.78089941775407
7107,107.34246176814028,16.18100861079448
7114,104.27876436569929,14.794034208127854
7119,126,8.11871000479286
7125,122.8252703630678,6.590270760007854
7149,-64.25738556597406,4.7596692002324374
7151,7.742614434025939,4.759669200232423
7152,13.91925513067646,5.011510620366607
7160,154.79998156505752,3.2726923017537928
7162,10.799981565057513,3.2726923017537928
7166,97.20001843494249,3.2726923017537928
7176,136.25738556597406,-4.759669200232423
7186,-57.11475068696545,-3.3289183361187895
7189,115.82217670942423,-8.151711719811445
7190,121.88930638115707,-8.438684806705524
7202,118.84862033871656,-10.094313570605806
7204,162,-8.11871000479286
7210,-176.2787643656993,-14.794034208127854
7217,143.34246176814028,-16.18100861079448
7230,129.05251031736222,-20.773658173910007
7249,140.4282886961631,-21.855696278186855
