v1,v2
41,85
49,99
86,87
86,184
87,184
141,218
193,194
193,262
194,195
194,262
194,263
195,263
251,393
253,5729
262,263
324,397
324,5729
326,397
329,401
336,410
393,465
393,466
396,559
396,5781
401,472
410,411
465,466
472,5784
557,673
557,5780
557,5781
559,5781
606,713
606,714
629,630
629,731
630,631
630,731
669,761
669,762
669,5811
673,674
679,680
707,792
711,796
711,797
713,714
714,5832
734,811
734,888
734,5838
736,813
736,814
736,890
759,5826
759,5842
760,838
760,839
760,5826
760,5842
761,839
762,918
762,5843
784,863
788,868
794,873
810,886
810,5838
810,5852
811,887
811,888
811,5838
811,5852
813,889
813,890
814,890
814,5853
838,5842
842,5843
842,5857
868,5861
886,5852
886,7000
887,1032
887,5852
887,5869
887,7000
888,889
888,964
889,890
889,964
889,965
890,965
898,899
898,973
899,975
918,989
918,990
928,997
964,965
964,5870
964,5871
965,5871
975,5880
989,990
989,5890
989,5891
990,5891
990,5892
991,1070
991,1071
991,7005
996,1128
996,7020
997,5897
997,7020
1032,1033
1032,5869
1032,7000
1033,1116
1033,5869
1033,5926
1038,5919
1038,7001
1051,1121
1051,5880
1051,7029
1052,1121
1061,1062
1061,1182
1062,7031
1063,1124
1063,5933
1066,5889
1066,5890
1066,5935
1068,5891
1068,5892
1068,5936
1070,1071
1070,5892
1070,7005
1071,1126
1072,7033
1079,1080
1079,1128
1079,1200
1079,5897
1079,7020
1080,1081
1080,1200
1080,1202
1080,5897
1080,5898
1081,1082
1081,1202
1081,5898
1116,1150
1116,5926
1121,7029
1124,5933
1126,1192
1126,7033
1128,1198
1128,7020
1133,5923
1150,1151
1150,1248
1150,5926
1151,1152
1151,1248
1151,1249
1151,5926
1152,1153
1152,1249
1188,1274
1188,5935
1191,5970
1192,1193
1192,1278
1192,7033
1193,1278
1193,1279
1193,7033
1197,7045
1198,7045
1200,1202
1200,5955
1202,1203
1203,1285
1203,1286
1207,5997
1210,1211
1210,1212
1211,1212
1212,1214
1214,1215
1244,1317
1248,1249
1248,1321
1249,1321
1249,1322
1254,5985
1257,1329
1260,1333
1260,5965
1261,1262
1274,1346
1278,1279
1278,1350
1279,1350
1285,1286
1285,5972
1304,1305
1305,1378
1321,1322
1321,1395
1322,1395
1322,1396
1326,1399
1326,1400
1326,5985
1328,1329
1333,1407
1341,5992
1346,1347
1347,6018
1355,1431
1355,1432
1367,1444
1367,1445
1378,1379
1378,1455
1378,1456
1379,1456
1395,1396
1396,1479
1398,1399
1398,1480
1399,1400
1400,5985
1404,1405
1404,1487
1405,1406
1406,1407
1409,1494
1431,1432
1431,1519
1432,1519
1434,6039
1435,1524
1435,6039
1443,1444
1443,1533
1443,1534
1444,1445
1444,1534
1445,1446
1446,1537
1446,6000
1446,6024
1455,1456
1456,1547
1479,1480
1479,1576
1480,1576
1487,1585
1519,1622
1532,1533
1532,1637
1533,1534
1534,1640
1537,1642
1537,1643
1537,6024
1547,1654
1547,1655
1552,1553
1557,1558
1578,1579
1578,1703
1579,1705
1620,1755
1620,1756
1640,1641
1641,1642
1641,1785
1642,1643
1642,1785
1643,6060
1654,1655
1654,1799
1654,1800
1655,1800
1658,1804
1658,6062
1673,1814
1705,6050
1705,6068
1755,1756
1785,1891
1785,1892
1787,1788
1787,1894
1787,6060
1788,1789
1788,1894
1788,6060
1789,1790
1789,1791
1789,1894
1790,1791
1790,1894
1790,1895
1790,1896
1790,1998
1791,1896
1795,1796
1795,1899
1795,1900
1795,6082
1796,1900
1798,1799
1798,1900
1798,1901
1798,1902
1798,2004
1799,1800
1799,1902
1800,1902
1803,1804
1803,1905
1803,6062
1803,6083
1803,6084
1803,6107
1804,6062
1804,6084
1812,1814
1812,1909
1812,1910
1814,1910
1888,6080
1888,6103
1891,1892
1892,6104
1894,1998
1895,1896
1895,1998
1895,1999
1895,2000
1895,2104
1896,1897
1896,2000
1897,1898
1897,2000
1898,6082
1898,6105
1899,2002
1899,2108
1899,6082
1899,6105
1900,2004
1901,1902
1901,2004
1901,2005
1901,2006
1901,2110
1902,2006
1904,2007
1904,6083
1904,6106
1905,2008
1905,6083
1905,6106
1905,6107
1905,6131
1906,1907
1906,2010
1906,6084
1906,6107
1907,2010
1907,6063
1907,6085
1909,1910
1909,2013
1910,2013
1996,2101
1996,6104
1998,2103
1998,2104
1999,2000
1999,2104
1999,2205
2002,2107
2002,2108
2002,2207
2002,6105
2002,6129
2004,2109
2004,2110
2005,2006
2005,2110
2005,2111
2005,2112
2005,2210
2006,2007
2006,2112
2007,2112
2007,6106
2007,6130
2008,6106
2008,6130
2008,6131
2013,2119
2050,2264
2050,6114
2050,7068
2051,6114
2051,7068
2101,2328
2101,7073
2103,2104
2103,2204
2104,2204
2104,2205
2107,2207
2107,6129
2107,6189
2108,2109
2108,2207
2109,2110
2109,2209
2110,2209
2110,2210
2111,2112
2111,2210
2111,7075
2111,7093
2112,6130
2112,7075
2119,7076
2153,2264
2153,2265
2153,2360
2153,7068
2153,7083
2156,6162
2156,6163
2204,2205
2204,6187
2204,6188
2205,6188
2207,6189
2207,6190
2209,2210
2209,6191
2209,6192
2210,6192
2210,7093
2218,2349
2218,2383
2218,6237
2218,7076
2263,2264
2263,2265
2264,2265
2264,7068
2265,2360
2267,2268
2267,2443
2267,2444
2267,6161
2267,6162
2268,2444
2268,2445
2268,6162
2268,6163
2270,2448
2291,6208
2310,6218
2326,2327
2327,2328
2327,2375
2328,7073
2331,2332
2331,6186
2331,6187
2331,6226
2332,6187
2332,6188
2338,2339
2338,6190
2338,6191
2339,2340
2339,6191
2339,6192
2340,6192
2340,6200
2340,7093
2340,7106
2341,2379
2341,6193
2341,6200
2349,2381
2349,6237
2349,7076
2360,7083
2379,2520
2379,7107
2379,7114
2381,6237
2383,6237
2383,6249
2394,2537
2443,2444
2444,2445
2447,2448
2447,2578
2447,2702
2448,2578
2465,2588
2472,2473
2472,2593
2472,2594
2472,6207
2473,2594
2473,6207
2473,6208
2480,2481
2480,2602
2480,6212
2481,2602
2481,6212
2490,2611
2490,2612
2490,6218
2507,2627
2509,6226
2517,2518
2518,7106
2520,2521
2520,2639
2520,2640
2520,7107
2520,7114
2521,2640
2521,7107
2527,6249
2527,6276
2527,6277
2578,2702
2588,2713
2590,2713
2590,2714
2590,6295
2590,6324
2593,2594
2593,2718
2594,2718
2594,2719
2597,2722
2597,6267
2602,2726
2602,6297
2611,2612
2611,2735
2612,2613
2612,2737
2613,2737
2613,2738
2627,2752
2627,6273
2639,2640
2639,2764
2639,6275
2639,7114
2640,2764
2640,2765
2653,2654
2702,2830
2702,2831
2704,2833
2706,6290
2713,2714
2714,6324
2714,6365
2715,2840
2715,2841
2715,6295
2715,6324
2718,2719
2718,2843
2718,2844
2719,2720
2719,2844
2719,2845
2720,2845
2720,2846
2722,2847
2722,2848
2722,6267
2722,6296
2724,2725
2724,2849
2724,2850
2725,2726
2725,2850
2725,2851
2726,2851
2726,6297
2726,6326
2727,2852
2727,2853
2727,6297
2730,2855
2734,2735
2734,2859
2734,2860
2735,2860
2737,2738
2737,2863
2738,2863
2752,2878
2752,6273
2752,6302
2753,6302
2753,6331
2764,2765
2770,2895
2770,2896
2772,6306
2772,6334
2772,6335
2772,7119
2772,7125
2830,2831
2831,2960
2833,2962
2833,6362
2837,2966
2840,2841
2840,2972
2840,2973
2840,6324
2840,6365
2841,2842
2841,2973
2842,2843
2842,2975
2843,2844
2843,2975
2844,2845
2845,2846
2845,2978
2846,2847
2846,2978
2846,2979
2847,2848
2847,2979
2847,2980
2848,2980
2848,2981
2848,6296
2849,2850
2849,2982
2849,6366
2850,2851
2850,2982
2850,2983
2851,2983
2851,6326
2851,6367
2852,2853
2852,2984
2852,2985
2852,6297
2852,6326
2853,2854
2853,2985
2854,2855
2855,2988
2858,2859
2858,2991
2858,6298
2859,2860
2859,2991
2859,2992
2860,2992
2860,2993
2878,3010
2878,6302
2878,6331
2887,3018
2895,2896
2895,3026
2895,3027
2896,2897
2896,3027
2896,3028
2897,3028
2897,3029
2897,6334
2897,7125
2907,2908
2908,6337
2962,2963
2962,3105
2962,3106
2962,6362
2963,2964
2963,3106
2964,3108
2966,3109
2972,2973
2972,6365
2978,2979
2978,3122
2978,3123
2979,2980
2979,3123
2980,2981
2980,3125
2981,3125
2981,6366
2982,2983
2982,3127
2982,3128
2982,6366
2983,3128
2983,6367
2984,2985
2984,3130
2984,3131
2984,6326
2984,6367
2985,3131
2991,2992
2992,2993
2992,3140
2993,2994
2993,3140
2993,3141
2994,3141
3010,6331
3011,3162
3016,6373
3018,3171
3026,3027
3026,3211
3026,3213
3027,3028
3027,3213
3027,3215
3028,3029
3028,3215
3029,7125
3047,3048
3048,3238
3105,3106
3105,6362
3108,3109
3109,3319
3111,3321
3111,7149
3114,3115
3114,3192
3114,3325
3115,3193
3115,3325
3115,3327
3121,3122
3122,3123
3125,6384
3127,3128
3127,3197
3127,6366
3127,7151
3128,3197
3128,3198
3130,3131
3130,6367
3130,7152
3131,6386
3133,6388
3137,6368
3137,6389
3140,3141
3140,6391
3140,6392
3141,3201
3141,6392
3171,3172
3171,3208
3172,6402
3181,7160
3192,3323
3192,3325
3193,3327
3193,3329
3197,3198
3197,3343
3197,7151
3197,7162
3198,3344
3198,7152
3198,7162
3201,3355
3201,6392
3208,3387
3208,7166
3210,3211
3211,3213
3213,3214
3213,3215
3214,3215
3218,3397
3218,6375
3218,6406
3219,3220
3219,6375
3220,3398
3220,3399
3312,3458
3312,3459
3312,3579
3319,3320
3319,3321
3320,3321
3320,3462
3320,6440
3321,7149
3322,3323
3322,3463
3322,7149
3323,7149
3325,3327
3327,3328
3327,3329
3328,3329
3328,3330
3328,3466
3328,3467
3329,3330
3329,3331
3330,3331
3330,3467
3330,6442
3343,7151
3343,7162
3344,3474
3344,7152
3344,7162
3346,3347
3346,3476
3346,6386
3347,3348
3347,3476
3347,3477
3347,6386
3348,3349
3348,3477
3348,3478
3348,6388
3349,3478
3349,6388
3349,6445
3350,3351
3350,3480
3351,3352
3351,3480
3351,3481
3351,6389
3352,3353
3352,3481
3352,3482
3352,6389
3352,6390
3353,3354
3353,3482
3353,3483
3353,6390
3353,6391
3354,3355
3354,3483
3354,3484
3354,6391
3354,6392
3355,3484
3355,3485
3355,6392
3386,7166
3387,3388
3387,3508
3387,7166
3388,3389
3388,3508
3388,3509
3388,6402
3389,3509
3389,6402
3392,3393
3393,3514
3397,3517
3397,6406
3397,6423
3397,6455
3398,3399
3398,3518
3398,3519
3399,3519
3399,3520
3399,6425
3400,3521
3400,6425
3400,6456
3458,3578
3458,3579
3458,3688
3459,3579
3459,3580
3461,3462
3461,3581
3461,3582
3462,3582
3462,6440
3463,6440
3466,3467
3467,6442
3476,3477
3476,3597
3476,3598
3477,3478
3477,3598
3478,6445
3480,3481
3480,3601
3480,3602
3481,3482
3481,3602
3481,3603
3482,3483
3482,3603
3482,3604
3483,3484
3483,3604
3483,3605
3484,3485
3484,3605
3484,3606
3485,3606
3485,3607
3508,3509
3508,3617
3514,6481
3515,6481
3517,3626
3517,6423
3517,6454
3517,6455
3517,6483
3518,3519
3518,3628
3518,6455
3519,3520
3519,3628
3519,3629
3520,3629
3520,6425
3520,6456
3521,3522
3521,3631
3521,6456
3521,6484
3522,3631
3522,6485
3522,6510
3524,3525
3524,3633
3524,3634
3525,3634
3578,3688
3578,3790
3579,3580
3579,3688
3580,3690
3581,3582
3581,3690
3581,3793
3585,6472
3585,6500
3597,3598
3600,3601
3600,6445
3601,3602
3601,3710
3602,3603
3602,3710
3602,3711
3603,3604
3603,3711
3604,3605
3605,3606
3606,3607
3606,3715
3607,3715
3617,3718
3617,3719
3626,3728
3626,6454
3626,6482
3626,6483
3626,6509
3628,3629
3631,3734
3631,6484
3631,6510
3631,7176
3632,3633
3632,3735
3632,3736
3632,6485
3632,6510
3633,3634
3633,3736
3633,3737
3634,3737
3634,3738
3636,3637
3637,3638
3637,3741
3638,3741
3638,3742
3688,3790
3688,3791
3690,3792
3690,3793
3704,3809
3704,6504
3710,3711
3710,3815
3710,3816
3711,3816
3715,3820
3715,3821
3718,3719
3719,3720
3719,3827
3720,3827
3720,3828
3728,3837
3728,6482
3728,6509
3729,6483
3729,6509
3734,3844
3734,6484
3734,7176
3735,3736
3735,3846
3735,6510
3735,7176
3736,3737
3736,3846
3736,3847
3737,3738
3737,3847
3737,3848
3738,3848
3738,3849
3741,3742
3741,3851
3741,3852
3742,3852
3742,3853
3790,3791
3790,6536
3791,3792
3791,6536
3791,6537
3792,3793
3792,6537
3792,6538
3793,6538
3793,6539
3794,3918
3794,6539
3801,3926
3802,3927
3802,3928
3811,3939
3811,3940
3811,6543
3815,3816
3815,3945
3816,3945
3816,3946
3818,3819
3818,3948
3819,3820
3819,3948
3819,3949
3820,3821
3820,3949
3820,3950
3821,3950
3827,3828
3828,3958
3830,3831
3830,3958
3830,3984
3831,3832
3831,3984
3831,3986
3832,3833
3832,3986
3832,3988
3833,3988
3833,3990
3837,3960
3837,6509
3837,7190
3841,3842
3841,6553
3841,6554
3842,6554
3844,7176
3846,3847
3846,4000
3846,4002
3847,3848
3847,4002
3847,4004
3848,3849
3848,4004
3848,4006
3849,3850
3849,3962
3849,4006
3850,3851
3850,3962
3850,3963
3851,3852
3851,3963
3851,6555
3852,3853
3852,6555
3853,3854
3853,6557
3854,3855
3854,6557
3854,6558
3855,3856
3855,6558
3913,3914
3913,6536
3913,6583
3914,3915
3914,4086
3914,6536
3914,6537
3915,3916
3915,4086
3915,4087
3915,6537
3915,6538
3916,4087
3916,4088
3916,6538
3916,6539
3918,3974
3926,3927
3927,3928
3938,3939
3938,6543
3939,3940
3939,6543
3945,3946
3948,3949
3948,4123
3949,3950
3949,4123
3949,4125
3950,4125
3960,3992
3960,6550
3960,7190
3960,7202
3962,3963
3962,4006
3962,6593
3963,4008
3963,6555
3963,6593
3974,4091
3984,3986
3986,3988
3988,3990
3990,7189
3992,3993
3992,7190
3992,7202
3993,3994
3993,6551
3993,7190
3994,6551
3994,6552
4000,4002
4002,4003
4002,4004
4003,4004
4003,4005
4003,4149
4004,4005
4004,4006
4005,4006
4005,4149
4008,4009
4008,4151
4008,4152
4008,6555
4008,6593
4009,4152
4009,4153
4009,6555
4011,4012
4011,6557
4011,6558
4012,4013
4012,4156
4012,6558
4013,4156
4013,6594
4013,7204
4086,4087
4086,4204
4086,4205
4087,4088
4087,4205
4087,4206
4088,4089
4088,4206
4089,4206
4089,4207
4101,4214
4101,6606
4121,4230
4121,6610
4122,4123
4122,4232
4122,6610
4122,6635
4123,4125
4125,4126
4126,4234
4146,4254
4146,6591
4151,4152
4151,6593
4152,4153
4153,4262
4156,6594
4156,6619
4158,4267
4204,4205
4204,4313
4205,4206
4205,4313
4205,4314
4206,4207
4206,4314
4207,4314
4207,4315
4207,4422
4210,4211
4210,4318
4210,4319
4211,4319
4211,6630
4214,4215
4214,4323
4214,6606
4215,4323
4229,4230
4232,6635
4234,4341
4234,6636
4252,4253
4252,4358
4253,6616
4253,6641
4254,4360
4254,4361
4254,6591
4254,6616
4256,4362
4265,6594
4265,6619
4267,4374
4267,6620
4268,6620
4313,4314
4313,4420
4313,6654
4314,4315
4314,4420
4315,4420
4315,4422
4315,4527
4318,4319
4318,4424
4318,4425
4318,4530
4319,4425
4319,6630
4319,6655
4320,4426
4320,6630
4322,4429
4322,6606
4323,4430
4341,6636
4341,6661
4357,4358
4357,4464
4357,4465
4358,4465
4358,4466
4360,4361
4360,4467
4360,4468
4360,6616
4360,6641
4361,4362
4361,4468
4361,4469
4362,4469
4364,6666
4364,7217
4374,4482
4374,4483
4374,6620
4379,7210
4420,6654
4422,4423
4422,4527
4423,4424
4423,4529
4424,4529
4424,4530
4425,4530
4425,6655
4425,6700
4426,4532
4426,4533
4426,6630
4426,6655
4429,4535
4429,4536
4443,4553
4464,4465
4464,4575
4465,4466
4465,4577
4466,4577
4466,6665
4467,4468
4467,6641
4467,6665
4468,4469
4473,4586
4473,4587
4473,6666
4473,7217
4482,4483
4482,4597
4483,4597
4529,4530
4529,6698
4529,6699
4530,6699
4530,6700
4532,4533
4532,4659
4532,6655
4535,4536
4535,4662
4549,4678
4553,4554
4553,4681
4557,6661
4575,6715
4586,4587
4586,7217
4597,4700
4655,4656
4655,4817
4655,6698
4656,4657
4656,4817
4656,6698
4656,6699
4657,6699
4657,6700
4662,6752
4678,4723
4678,6761
4696,4697
4696,6720
4696,7249
4697,7249
4700,6779
4723,4724
4723,4838
4723,6761
4733,6713
4735,6715
4738,7230
4752,4873
4820,4822
4822,6814
4825,6752
4838,6761
4852,4953
4860,4961
4873,4874
4873,4974
4874,4875
4874,4974
4874,4975
4875,4975
4875,6779
4926,5026
4926,5027
4941,4942
4942,4943
4942,5042
4943,5042
4943,5043
4953,5052
4961,5061
4966,5065
4966,5066
4974,4975
5025,5026
5025,5124
5025,5125
5025,6814
5026,5027
5026,5125
5026,5126
5027,5126
5042,5043
5061,5154
5063,5156
5065,5066
5065,5159
5066,5159
5124,5125
5125,5126
5126,5224
5137,5138
5138,5139
5154,5251
5155,5156
5159,5257
5159,5258
5224,5225
5225,5226
5257,5258
5260,5368
5260,6871
5342,6881
5367,6871
5368,6871
5415,5416
5662,5665
5780,5781
5826,5842
5838,5852
5843,5857
5852,7000
5853,7001
5857,7005
5869,5870
5870,5871
5882,5883
5889,5890
5890,5891
5891,5892
5897,5898
5897,7020
5933,7031
5935,5936
5955,5972
5956,5975
5956,7035
5976,6000
6000,6024
6050,6068
6062,6083
6063,6085
6063,7061
6080,6103
6082,6105
6083,6106
6084,6107
6105,6129
6106,6130
6107,6131
6114,7068
6123,7072
6130,7075
6161,6162
6161,7083
6162,6163
6186,6187
6187,6188
6189,6190
6190,6191
6191,6192
6192,7093
6193,7075
6200,7093
6200,7106
6207,6208
6237,6249
6249,6277
6266,6295
6267,6296
6273,6302
6275,7114
6277,6306
6295,6324
6297,6326
6302,6331
6306,7119
6324,6365
6326,6367
6334,7125
6335,7119
6335,7125
6384,7151
6389,6390
6390,6391
6391,6392
6406,6423
6423,6454
6425,6456
6454,6482
6455,6483
6456,6484
6472,6500
6483,6509
6485,6510
6504,6543
6510,7176
6536,6537
6537,6538
6538,6539
6550,7189
6550,7202
6551,6552
6551,7190
6552,6553
6553,6554
6557,6558
6591,6616
6594,6619
6594,7204
6610,6635
6616,6641
6630,6655
6636,6661
6641,6665
6646,7210
6666,7217
6698,6699
6699,6700
6719,6720
6760,6761
22,49
22,99
41,86
60,6960
65,68
65,141
65,218
68,141
68,221
85,86
85,252
92,193
136,353
141,221
184,253
184,324
184,5729
193,195
193,263
193,331
195,262
228,367
251,252
251,465
251,466
252,253
252,393
253,324
253,396
262,331
262,407
263,407
293,364
293,366
324,326
324,396
329,331
329,472
329,474
336,411
353,5733
363,364
364,366
366,367
396,397
396,557
396,5729
396,5780
397,559
397,5729
401,474
401,5784
407,408
408,5791
410,5791
444,5763
466,5780
472,474
474,568
474,5784
530,644
549,759
549,5777
557,559
557,671
557,674
559,673
559,676
559,5780
601,707
601,794
601,796
601,873
606,5832
629,631
630,810
631,731
631,810
631,5838
644,745
669,839
669,918
669,5843
671,673
671,842
671,5780
671,5811
671,5843
673,676
673,5780
673,5781
674,676
674,846
676,846
679,5784
680,5784
699,5846
707,873
711,713
713,797
713,5832
731,810
731,886
734,810
734,813
734,887
734,889
734,964
736,889
736,965
736,5853
759,760
759,838
759,914
760,761
761,762
761,918
761,5811
761,5826
762,839
762,842
762,989
762,990
762,5811
762,5857
784,5846
788,5861
792,873
794,796
796,797
810,811
810,7000
811,886
811,1032
811,5869
811,5870
811,7000
813,814
813,888
813,965
814,889
814,965
814,1038
814,7001
817,818
817,5853
817,7001
838,839
838,914
838,5826
838,5889
839,918
839,989
839,5826
839,5842
842,7005
846,994
863,5846
886,887
886,1032
886,5838
887,888
887,1033
887,5870
888,890
888,5869
888,5870
888,5871
889,5871
890,5853
890,5871
898,975
899,973
899,5880
914,5842
918,5843
918,5857
918,5890
918,5891
918,5892
928,5897
928,5898
928,7020
943,5846
973,975
973,1045
975,1051
989,1066
989,1068
989,5889
989,5892
990,1068
990,1070
990,5857
990,5890
990,7005
991,1072
991,1126
991,5857
991,7033
994,1074
994,5896
996,997
996,1079
996,1198
996,5896
997,1079
997,1080
997,1128
997,5898
1032,1116
1032,5926
1033,1150
1033,1151
1038,5853
1051,1052
1052,7029
1061,7031
1062,1063
1062,1182
1062,5933
1063,7031
1066,1068
1066,1188
1066,5936
1068,1070
1068,1071
1068,1191
1068,5935
1070,1126
1071,1072
1071,1191
1071,1192
1071,7005
1071,7033
1072,1074
1072,1126
1072,1192
1072,1193
1074,1195
1074,5896
1079,1081
1079,1198
1079,1202
1079,5898
1079,5955
1080,1082
1080,1128
1080,1203
1080,5955
1081,1200
1081,1203
1082,1202
1082,1203
1082,1207
1082,5898
1116,1151
1116,1248
1121,5880
1124,7031
1126,1191
1126,1193
1126,1278
1126,5970
1128,1200
1128,5955
1128,7045
1132,5976
1132,7035
1133,5945
1138,1313
1150,1152
1150,1249
1150,1321
1151,1153
1151,1321
1151,1322
1152,1248
1152,1321
1152,1322
1152,5926
1153,1155
1153,1249
1153,1322
1155,1326
1155,5919
1170,1261
1170,1262
1182,7031
1188,1346
1188,5936
1191,1192
1191,1347
1191,5936
1192,1279
1192,1350
1192,5970
1193,1195
1193,1350
1195,1197
1195,1279
1197,1198
1198,1200
1198,5955
1200,1285
1200,5972
1202,1285
1202,1286
1202,5972
1203,1207
1203,5972
1207,1209
1207,1286
1209,1210
1209,1361
1209,5997
1210,1214
1210,1364
1211,1214
1211,1215
1212,1215
1212,1364
1214,1364
1214,5956
1214,5975
1215,5956
1215,5975
1215,7035
1235,1309
1248,1395
1249,1395
1249,1396
1254,1326
1254,1400
1257,1258
1257,1328
1258,1260
1258,1333
1258,1404
1258,1405
1258,5965
1260,1261
1260,1407
1260,1409
1261,1409
1261,5965
1274,1347
1274,5935
1274,5936
1278,5970
1279,7033
1285,1434
1286,1434
1286,5972
1286,5997
1286,6039
1304,1378
1304,1455
1305,1379
1305,1455
1305,1456
1321,1396
1322,1479
1326,1398
1333,1405
1333,1406
1333,1409
1333,5965
1346,1510
1346,6018
1347,1510
1347,5970
1355,1519
1355,5955
1355,5972
1355,7045
1361,1526
1364,1532
1367,1443
1367,1446
1367,1534
1367,5956
1367,5975
1367,5976
1367,6000
1378,1547
1379,1455
1379,1547
1395,1479
1396,1398
1396,1480
1396,1576
1398,1400
1398,1479
1398,1576
1398,1578
1399,1480
1399,1578
1399,1579
1399,5985
1400,1578
1400,1579
1404,1406
1404,1585
1405,1407
1405,1487
1407,1409
1431,1620
1431,1622
1432,1622
1432,5972
1434,1435
1435,5997
1443,1445
1443,1532
1443,1640
1443,5975
1444,1446
1444,1533
1444,1640
1444,1641
1444,5975
1445,1534
1445,1537
1445,1640
1445,1641
1445,1642
1445,5976
1445,6000
1445,6024
1446,1641
1446,1642
1446,1643
1446,5976
1455,1547
1455,1654
1456,1654
1456,1655
1480,1578
1480,1703
1510,1744
1510,6018
1519,1620
1519,1756
1524,1526
1524,6039
1526,1769
1532,1534
1533,1637
1533,1640
1537,1538
1537,1785
1537,6000
1537,6060
1538,1643
1538,1788
1538,1789
1538,6024
1538,6060
1547,1799
1547,1800
1552,1809
1552,7061
1553,1809
1557,1673
1576,1578
1576,1703
1578,1705
1579,1703
1579,6050
1579,6068
1620,1622
1622,1756
1637,6080
1640,1785
1640,1891
1641,1643
1641,1891
1641,1892
1642,1891
1642,1892
1642,6024
1642,6060
1643,1787
1643,1788
1643,1892
1649,1897
1649,1898
1649,6082
1654,1798
1654,1902
1655,1799
1655,1902
1655,1904
1658,1803
1658,6026
1658,6083
1658,6084
1673,1812
1673,1910
1703,1705
1750,1753
1753,1755
1785,6104
1787,1789
1787,1790
1787,1996
1787,1998
1787,2103
1787,6104
1788,1791
1789,1896
1790,1897
1790,1999
1790,2000
1790,2103
1791,1894
1791,1895
1791,1897
1791,2000
1795,1798
1795,1898
1795,2004
1795,2108
1795,2109
1795,6105
1796,1798
1796,1799
1796,1899
1796,2004
1796,6082
1798,1800
1798,2006
1798,2109
1799,1900
1800,1904
1800,2007
1803,1904
1803,1906
1803,2008
1803,6131
1804,1905
1804,1906
1804,6107
1804,7061
1809,1812
1809,1909
1809,6063
1809,6085
1809,7061
1812,2013
1814,1909
1814,2013
1891,6104
1892,1996
1894,2103
1895,2204
1895,2205
1896,1898
1896,1999
1897,6129
1898,6129
1899,1900
1899,2107
1899,2207
1899,6129
1900,2108
1901,2111
1901,2209
1904,2008
1904,6062
1904,6130
1905,6062
1905,6084
1906,6063
1906,6085
1906,6131
1906,7061
1907,6084
1907,6107
1907,7061
1909,2119
1909,6085
1910,2119
1996,2103
1996,2328
1996,6186
1996,7073
1998,2205
1999,6188
2002,6189
2002,6190
2005,7075
2005,7093
2006,7075
2008,2212
2008,6193
2010,6063
2010,6084
2010,6085
2010,6107
2010,6131
2013,7076
2048,6159
2050,2051
2050,2153
2050,2263
2050,2265
2050,6159
2051,2153
2051,2264
2051,7083
2101,2327
2101,6104
2101,6186
2103,6186
2103,6187
2103,6188
2107,2108
2107,6190
2108,6189
2108,6191
2111,2340
2111,2341
2111,6193
2111,6200
2112,6193
2119,2218
2119,2349
2153,2263
2153,6114
2153,6161
2156,2267
2156,2268
2156,6161
2204,2331
2204,2332
2204,6186
2205,2332
2207,2338
2209,2338
2209,2339
2210,2339
2210,6200
2212,6131
2212,6193
2212,7107
2218,2381
2218,6249
2263,2360
2263,6159
2263,7068
2264,2360
2264,6114
2264,6159
2264,7083
2265,7068
2265,7083
2267,2360
2267,2445
2267,6163
2268,2270
2268,2443
2268,6161
2270,2445
2270,2447
2270,2578
2270,6163
2291,2365
2291,2473
2291,6207
2310,2490
2326,2328
2326,2375
2326,2507
2326,7073
2327,2507
2327,7073
2328,2375
2331,2509
2332,6186
2332,6226
2338,2340
2338,2517
2338,6189
2339,2517
2339,2518
2339,7106
2340,2341
2340,2517
2340,2518
2341,2520
2341,7106
2341,7107
2341,7114
2349,2383
2349,6249
2360,2443
2365,2597
2365,6208
2365,6267
2365,7101
2375,2507
2375,2509
2375,2627
2375,6226
2375,6273
2379,2521
2379,2639
2379,2640
2379,6275
2379,7106
2381,2383
2381,2527
2381,6249
2381,6276
2381,7076
2383,2527
2383,6277
2383,7076
2443,2445
2443,6161
2443,6162
2444,6161
2444,6162
2444,6163
2445,2447
2445,2448
2447,2830
2447,2831
2448,2702
2465,2713
2472,2718
2472,2719
2472,6208
2473,2593
2473,2720
2480,2725
2480,2726
2480,6297
2481,2726
2481,2727
2481,6297
2490,2613
2490,2735
2490,2737
2507,2752
2507,6273
2509,2753
2509,6273
2509,6302
2517,7106
2518,6200
2518,6275
2518,7114
2520,2764
2520,2765
2520,6275
2521,2639
2521,2764
2521,2765
2527,2772
2527,6237
2527,6306
2527,6334
2578,2830
2578,2831
2588,2590
2588,2714
2590,2715
2590,6266
2590,6365
2593,2719
2593,2842
2593,2843
2593,2844
2593,6207
2594,2720
2594,2843
2594,2844
2594,2845
2594,6207
2594,6208
2597,2720
2597,2846
2597,2847
2597,2848
2597,6296
2602,2725
2602,2727
2602,6212
2604,2727
2604,2730
2604,2853
2604,2854
2604,2855
2604,6213
2611,2613
2611,2734
2611,2737
2611,2860
2611,6218
2612,2735
2612,2738
2612,2863
2612,6218
2613,2863
2613,6218
2627,2878
2627,6302
2639,2765
2639,7107
2640,6275
2653,2776
2702,2960
2704,2831
2704,2960
2704,2962
2704,6290
2704,6362
2706,2963
2706,2964
2713,6295
2713,6324
2713,6365
2714,2715
2714,2972
2714,6295
2715,2842
2715,2972
2715,2973
2715,6266
2718,2842
2718,2975
2719,2978
2720,2722
2720,2979
2722,2980
2722,2981
2724,2726
2724,2851
2724,2982
2724,2983
2724,6296
2724,6366
2725,2849
2725,6367
2727,2854
2727,2985
2730,2854
2730,2988
2734,2858
2734,2991
2734,2992
2734,2993
2734,6298
2735,2737
2735,2859
2735,2994
2737,2994
2752,2753
2752,3010
2752,6331
2753,2878
2753,3010
2753,3011
2764,6275
2770,2897
2770,3026
2770,3027
2770,3028
2770,6276
2770,6334
2772,3029
2772,6277
2776,3034
2830,2960
2833,2960
2833,2963
2833,3105
2833,3106
2833,6290
2837,3109
2837,3111
2841,2843
2841,2972
2841,2975
2842,2973
2843,3121
2844,2975
2844,3121
2844,3122
2845,3121
2845,3122
2845,3123
2846,3122
2846,3123
2847,2981
2847,3123
2847,3125
2847,6267
2847,6296
2848,2849
2848,3125
2848,6267
2848,6366
2849,3127
2849,3128
2851,3130
2852,2854
2852,3130
2852,3131
2853,2855
2853,3131
2853,3133
2854,2985
2854,2988
2854,3133
2855,3133
2858,2860
2858,2992
2858,3137
2858,6368
2859,3140
2859,6298
2860,2991
2860,2994
2860,3141
2863,2994
2863,3143
2887,3171
2887,3172
2895,2897
2895,3028
2895,3211
2895,3213
2895,3215
2896,3026
2896,3029
2896,3215
2896,6334
2896,7125
2897,6335
2905,2907
2907,6337
2960,6362
2962,2964
2962,6290
2963,3105
2963,3108
2963,6290
2963,6362
2964,2966
2964,3106
2964,3109
2964,6290
2966,3108
2966,3111
2966,3319
2966,3321
2973,2975
2975,3121
2978,3121
2979,3125
2980,6384
2981,6384
2981,7151
2982,3198
2982,7151
2983,7152
2984,6386
2984,7152
2985,3133
2985,6386
2988,3133
2988,6368
2988,6388
2991,2993
2991,3137
2991,6298
2991,6368
2991,6389
2991,6390
2991,6391
2992,6390
2993,3201
2994,3143
2994,3201
3010,3011
3010,3162
3011,6331
3016,6303
3018,3172
3018,3208
3018,6373
3026,3210
3026,3214
3027,3029
3027,3211
3027,3214
3028,3214
3028,6406
3029,3218
3029,6335
3029,6375
3029,6406
3047,3238
3105,3312
3105,3459
3106,3108
3106,3312
3106,3459
3108,3319
3109,3111
3109,3320
3109,3321
3111,3319
3111,3320
3111,3322
3111,3323
3114,3193
3114,3323
3114,3327
3115,3192
3115,3328
3115,3329
3127,3343
3127,6384
3127,7162
3128,3343
3128,3344
3128,7152
3128,7162
3130,3344
3130,3346
3130,6386
3131,3346
3131,3347
3133,3348
3133,3349
3137,3350
3137,3351
3140,3201
3140,3355
3141,3143
3143,3201
3143,3358
3162,6331
3171,3387
3171,3388
3171,6402
3171,7166
3172,3208
3172,3387
3172,3389
3181,6337
3192,3322
3192,3327
3192,6472
3192,7149
3193,3325
3193,3328
3193,3330
3193,3331
3197,6384
3198,3343
3198,3474
3201,3485
3208,3386
3208,3508
3208,6402
3210,3213
3210,3214
3210,3392
3210,3393
3210,3514
3210,3515
3210,6481
3211,3214
3214,3515
3214,6406
3214,6423
3214,6454
3215,6423
3218,3219
3218,3220
3218,3398
3218,3518
3218,6455
3219,3398
3219,3399
3219,6335
3220,3518
3220,3519
3220,3520
3220,6375
3220,6425
3312,3578
3312,3580
3312,3688
3319,3461
3319,3462
3319,6440
3319,7149
3320,3322
3320,3461
3320,3463
3320,3582
3321,3323
3321,3462
3321,3463
3321,6440
3322,3585
3322,6440
3322,6472
3323,3325
3323,3463
3323,6472
3325,3466
3325,6472
3327,3331
3327,3466
3327,3467
3328,3331
3328,6442
3329,3466
3329,3467
3329,6442
3330,3466
3331,3467
3331,6442
3344,3346
3346,3474
3346,3477
3346,3597
3346,3598
3347,3349
3347,3478
3347,3597
3347,3598
3347,6388
3348,3476
3348,3598
3348,6445
3349,3350
3349,3600
3350,3352
3350,3481
3350,3600
3350,3601
3350,6389
3350,6445
3351,3601
3351,3603
3352,3480
3352,3604
3353,3604
3353,3605
3354,3485
3354,3605
3354,3606
3355,3607
3386,3387
3387,3389
3387,3509
3387,3617
3387,6402
3388,3617
3388,7166
3389,3508
3392,3514
3393,6481
3397,3398
3397,6375
3397,6454
3397,6483
3398,3628
3398,3629
3398,6375
3398,6425
3398,6455
3399,3400
3399,3628
3399,3629
3399,6456
3400,3520
3400,3522
3400,6484
3458,3459
3458,3580
3458,3790
3458,3791
3459,3690
3461,3580
3461,3690
3461,3793
3462,3463
3462,3581
3462,3692
3463,3585
3463,3692
3466,6442
3466,6500
3474,3476
3474,3597
3474,3704
3474,6504
3476,3478
3477,3597
3477,6388
3477,6445
3478,3600
3480,3600
3480,3710
3480,3711
3481,3711
3484,3607
3484,3715
3485,3715
3508,3718
3508,3719
3508,3720
3508,7166
3509,3617
3509,3719
3509,3720
3514,3515
3515,6454
3515,6482
3517,3728
3517,3729
3517,6482
3517,6509
3518,3629
3518,3729
3520,3521
3520,3628
3520,6484
3521,3734
3521,6485
3521,7176
3522,3632
3522,3734
3522,3735
3524,3632
3524,3736
3524,3737
3524,3738
3524,6485
3525,3633
3525,3636
3525,3737
3525,3738
3578,3579
3578,3791
3578,6536
3579,3790
3579,3792
3580,3581
3581,3794
3581,6539
3582,3690
3582,3692
3582,3794
3582,6539
3597,3811
3597,6504
3597,6543
3598,3811
3600,3815
3601,3815
3601,3816
3602,3815
3603,3818
3604,3818
3604,3819
3605,3607
3605,3818
3605,3819
3605,3820
3606,3821
3607,3821
3617,3720
3617,3827
3626,3729
3626,3837
3628,3729
3628,3841
3629,3841
3629,3842
3631,3844
3631,6485
3632,3634
3632,3846
3634,3636
3634,3849
3636,3638
3636,3738
3636,3741
3636,3850
3636,3851
3637,3742
3637,3850
3637,3851
3637,3852
3638,3851
3638,3852
3638,3853
3692,3794
3692,3918
3692,6440
3699,3802
3699,3928
3704,3938
3704,6543
3710,3945
3710,3946
3711,3818
3711,3945
3711,3946
3715,3950
3718,3720
3718,3827
3719,3828
3720,3958
3728,3729
3728,3960
3728,6550
3728,7190
3729,3837
3729,6551
3729,6552
3734,3842
3735,3844
3735,4000
3735,4002
3736,4000
3737,4006
3738,3962
3741,3853
3741,6555
3742,3851
3742,3854
3742,6557
3790,3913
3790,3914
3791,3913
3792,3916
3793,3794
3794,3974
3794,4088
3801,3802
3801,3927
3801,7186
3802,3926
3809,3938
3809,6504
3809,6543
3811,3938
3811,6504
3815,3946
3818,3946
3818,4123
3819,3821
3819,3950
3819,4123
3819,4125
3820,3948
3820,4125
3827,3958
3828,3830
3830,3832
3830,3986
3831,3833
3831,3958
3831,3988
3832,3984
3832,3990
3833,3986
3833,7189
3837,3992
3837,3993
3837,6482
3837,6550
3837,6551
3837,7202
3841,6552
3842,3844
3842,6484
3842,6553
3844,3846
3844,4000
3846,4003
3847,4000
3847,4003
3847,4005
3848,4005
3849,6593
3850,6593
3851,4009
3852,3854
3852,4009
3852,6557
3853,3855
3853,4011
3853,6558
3854,3856
3854,4011
3854,4012
3855,4011
3855,4012
3855,4013
3856,4012
3856,4013
3856,6558
3856,7204
3913,3915
3913,4086
3913,4204
3914,4204
3914,6583
3915,4088
3915,4204
3916,3918
3916,4089
3918,4088
3918,4089
3918,4091
3926,3928
3926,4101
3927,4101
3928,6562
3938,3940
3939,6504
3940,3942
3940,6543
3945,4121
3946,3948
3946,4121
3946,6610
3948,4122
3948,6610
3949,4122
3949,4126
3950,4126
3958,3984
3960,3993
3960,7189
3962,4151
3963,4151
3963,4152
3974,4088
3974,4089
3974,4094
3976,4107
3976,6562
3984,3988
3986,3990
3988,7189
3990,6550
3992,3994
3993,6552
3993,7202
3994,4252
3994,6553
4002,4149
4004,4149
4006,4149
4008,4153
4009,4151
4009,4262
4011,4153
4011,4156
4011,4262
4012,6594
4012,6619
4012,7204
4013,4265
4013,6619
4025,4377
4030,4382
4086,4313
4086,6583
4087,4207
4089,4091
4089,4315
4089,4422
4089,4423
4091,4094
4091,4210
4091,4318
4091,4423
4091,4424
4094,4210
4094,4211
4101,4215
4101,4322
4101,4323
4121,4122
4121,4229
4121,6635
4122,4126
4123,4126
4123,4232
4123,6610
4123,6635
4125,4232
4125,4234
4126,4232
4126,4341
4126,6636
4146,4256
4146,4360
4146,4361
4146,4362
4146,6616
4149,4364
4149,6666
4151,4153
4152,4262
4156,4265
4156,7204
4158,4265
4158,4374
4158,6594
4158,6620
4158,7204
4170,4172
4204,4420
4204,6583
4204,6654
4205,4420
4205,6654
4206,4422
4207,4423
4207,4527
4210,4424
4210,4425
4210,6630
4210,6655
4211,4318
4211,4320
4211,4426
4211,6584
4214,4322
4214,4429
4214,4430
4215,4430
4215,6606
4229,4335
4229,4443
4230,4443
4230,6610
4230,6635
4232,4234
4232,4341
4232,6704
4234,6661
4252,4357
4252,4465
4252,4466
4252,6641
4252,6665
4253,4254
4253,4358
4253,4360
4253,4466
4253,4467
4253,6591
4253,6665
4254,4256
4254,4362
4254,4467
4254,4468
4254,4469
4256,4361
4256,4469
4265,4267
4267,4268
4267,4482
4267,4483
4268,4374
4268,4483
4314,4527
4314,6654
4315,6654
4318,4529
4318,6700
4319,4320
4319,4532
4319,6700
4320,4322
4320,4532
4320,4533
4320,6584
4322,4323
4322,4535
4322,4536
4323,4429
4323,4536
4323,6606
4335,4549
4341,4557
4341,6704
4357,4466
4357,4575
4357,4577
4358,4464
4358,4577
4358,6665
4360,4362
4360,4469
4360,6591
4361,6591
4362,4468
4364,4473
4364,4586
4374,4597
4379,6646
4382,6646
4420,4527
4422,6698
4423,4527
4423,6698
4425,4657
4425,4659
4426,4659
4429,4430
4429,4662
4429,6606
4430,4536
4443,4554
4443,4681
4464,4466
4464,4577
4464,6715
4465,4575
4466,7230
4467,7230
4468,6719
4469,6719
4469,6720
4482,4700
4482,6620
4483,4700
4483,6620
4527,4655
4529,4655
4529,4656
4529,4657
4530,4657
4533,4535
4533,4659
4533,4662
4533,6752
4535,6752
4536,4662
4549,4723
4549,6760
4549,6761
4554,4681
4554,6704
4557,4685
4557,6636
4575,4577
4575,4735
4577,7230
4586,4697
4586,4745
4586,6666
4587,4745
4587,6666
4587,7217
4597,6779
4655,4657
4656,4820
4657,4659
4657,4817
4657,4820
4657,4822
4659,4822
4662,4825
4678,4724
4678,4838
4678,6760
4681,4724
4685,6661
4685,6704
4696,6719
4697,6720
4697,7217
4700,4874
4700,4875
4723,6760
4724,4838
4724,4941
4724,6761
4733,4735
4733,4852
4733,4953
4733,6715
4738,4860
4738,4958
4745,4966
4752,4874
4752,4974
4817,4820
4817,6698
4817,6699
4820,6814
4822,5025
4825,4926
4825,5027
4825,5029
4838,4938
4838,6760
4852,5052
4852,6713
4860,5059
4860,5061
4860,6719
4873,4875
4873,4975
4874,6779
4875,4974
4926,5025
4926,5125
4926,5126
4926,6752
4926,6814
4938,5036
4938,5137
4938,5138
4938,6760
4938,6761
4941,4943
4941,5042
4941,6838
4942,5043
4942,6838
4958,5059
4961,5059
4961,5154
4966,5159
4975,6779
5025,5027
5025,5126
5026,5124
5026,5224
5026,6814
5027,5029
5027,5125
5027,5224
5027,5225
5029,5225
5029,5226
5036,5137
5042,6838
5059,5061
5059,5154
5059,5251
5061,5155
5061,5251
5063,5065
5063,5155
5065,5257
5065,5258
5066,5257
5066,5258
5066,6821
5124,5126
5124,5327
5124,6814
5125,5224
5125,5327
5126,5225
5126,5327
5137,5139
5139,6838
5154,5155
5156,5362
5224,5226
5224,5327
5226,5332
5257,5362
5258,5260
5258,5367
5258,6871
5260,5367
5260,6821
5342,6838
5362,5489
5367,5368
5654,5662
5811,5843
5880,7029
5889,5891
5889,5935
5919,7001
5923,5945
5955,7045
5970,6018
5975,7035
5976,6024
5997,6039
6104,7073
6186,6226
6187,6226
6237,6276
6237,6277
6249,6276
6249,6306
6266,6324
6267,7101
6276,6277
6277,7119
6298,6368
6303,6373
6306,6334
6334,7119
6368,6389
6500,7186
6536,6583
6551,6553
6552,6554
6554,6591
6584,6630
6619,7204
6635,6704
6661,6704
6665,7230
6713,6715
6720,7249
6758,6760
7119,7125
7189,7202
41,87
41,184
41,252
60,136
68,218
85,87
85,184
85,251
85,253
86,252
86,253
86,5729
87,253
87,324
92,194
92,262
92,329
92,331
128,131
131,213
136,213
136,5733
136,6960
173,247
184,397
193,407
194,331
194,407
195,407
213,353
218,221
218,5733
221,363
247,5777
251,253
252,465
252,466
253,393
253,466
253,5781
263,331
263,408
293,363
293,367
326,396
326,401
326,472
326,559
329,5784
331,401
336,408
336,5791
366,629
366,630
370,444
393,5780
396,676
408,410
411,5791
465,671
465,5780
465,5811
472,679
472,680
474,680
530,745
530,5763
549,5826
549,5842
557,676
557,842
559,674
568,5784
601,711
601,792
606,711
606,797
629,810
629,886
630,886
631,734
644,818
644,898
644,899
671,674
673,846
674,994
676,679
680,928
699,784
699,788
699,943
707,794
711,714
711,794
711,5832
713,796
714,797
731,5838
736,1038
736,7001
745,899
745,975
745,5854
759,5777
760,914
784,943
784,5791
792,794
792,5861
796,873
797,1027
797,5832
814,817
814,5919
817,1038
818,898
838,1063
846,5896
863,943
890,5919
898,1045
898,5880
899,1051
914,1062
914,1063
928,996
943,1133
943,5923
965,5919
973,1170
973,5880
975,1121
975,1170
975,7029
994,1072
996,1197
996,7045
1038,1155
1045,1170
1045,5965
1051,1170
1052,5854
1052,5880
1052,5882
1061,1063
1061,5933
1062,1124
1066,1124
1066,1274
1068,1188
1072,1195
1074,1193
1074,1197
1081,1207
1082,5997
1121,5854
1124,1188
1126,1350
1128,1197
1128,5896
1132,1367
1132,5956
1132,6000
1136,1235
1136,5861
1150,1153
1152,1155
1155,1254
1155,5985
1170,5965
1170,7029
1182,1341
1182,5933
1182,5992
1191,1346
1191,6018
1192,1195
1195,1350
1195,5896
1197,1431
1203,1434
1203,6039
1207,1434
1207,1435
1209,1211
1209,1212
1209,1435
1210,1215
1211,1364
1214,7035
1215,1364
1254,1328
1254,1399
1257,1404
1257,1487
1258,1329
1258,1406
1258,1407
1258,1487
1260,1262
1260,1406
1260,1494
1261,1333
1261,1494
1262,1409
1262,1494
1262,5965
1274,1510
1274,6018
1285,1432
1304,1379
1304,1456
1305,1547
1309,6026
1313,1553
1328,5985
1329,1404
1329,1487
1329,1585
1333,1494
1341,5933
1341,7031
1355,1620
1355,1622
1361,1435
1361,1524
1361,5997
1364,1637
1367,7035
1379,6026
1398,1703
1399,1705
1400,6050
1405,1585
1407,1494
1431,1755
1431,1756
1432,1756
1434,1524
1434,7059
1435,1526
1435,7059
1443,1637
1444,1532
1456,6026
1519,1755
1524,1769
1524,7059
1526,1772
1532,6080
1533,6080
1534,1637
1534,6080
1547,6026
1552,6063
1553,1812
1553,6063
1553,7061
1557,1814
1558,1673
1578,6050
1578,6068
1620,1753
1622,1755
1637,1888
1637,6103
1640,6103
1649,1791
1649,1795
1649,1796
1655,6026
1673,1809
1703,6050
1703,6068
1753,1756
1755,6123
1756,6123
1769,1772
1891,6103
1905,2212
1906,2212
2048,2050
2048,6050
2048,6068
2048,6114
2077,2176
2077,6212
2101,2326
2153,6159
2156,2270
2161,2276
2176,7101
2265,6159
2268,2448
2291,2472
2291,2594
2310,2313
2310,2611
2310,2612
2310,2613
2313,2613
2313,6218
2365,2473
2379,2765
2445,2830
2465,2590
2465,2714
2465,6168
2472,6266
2490,2738
2517,2887
2518,2887
2537,2654
2537,2905
2537,2907
2588,6168
2588,6266
2597,7101
2611,2738
2618,6182
2654,2776
2654,2905
2704,2706
2706,2833
2706,2837
2722,7101
2724,7101
2725,6212
2726,6212
2727,2730
2730,2853
2730,6213
2730,6298
2737,3143
2753,3162
2837,2964
2837,3108
2878,3011
2878,3162
2887,3208
2887,6373
2905,2908
2908,3181
3011,6302
3016,3018
3016,3386
3018,3386
3034,3219
3034,3220
3034,3399
3034,3400
3034,6425
3047,3181
3047,7160
3162,6302
3171,3386
3171,6373
3192,3585
3192,6500
3201,3358
3208,6373
3211,3392
3211,3393
3211,3514
3211,6481
3213,6481
3322,6500
3323,3585
3343,3704
3355,3358
3358,3485
3358,3607
3386,3718
3389,3392
3392,6481
3393,3515
3466,3801
3466,7186
3467,3801
3467,7186
3474,3809
3508,3828
3536,6488
3585,7186
3597,3939
3597,3940
3598,3942
3600,3942
3628,6554
3638,7160
3692,4094
3699,3927
3699,6562
3790,6583
3801,3928
3802,4101
3802,6562
3809,3811
3811,3942
3815,3942
3918,4094
3926,4214
3926,4215
3926,7186
3927,6562
3939,3942
3945,4229
3945,4230
3946,4229
4000,4256
4003,4364
4008,4262
4012,4262
4025,4379
4030,4170
4030,6646
4094,6584
4101,4430
4101,6584
4121,4443
4125,6636
4149,4473
4158,4268
4210,6584
4215,6562
4229,4553
4230,4335
4230,4553
4230,4554
4232,4554
4234,4557
4267,4597
4268,4377
4335,4443
4335,4678
4341,4685
4357,6715
4358,7230
4360,6719
4361,6720
4362,4696
4364,4587
4364,4696
4364,4697
4377,4379
4377,4602
4379,4602
4379,4703
4382,4608
4382,7210
4426,6752
4464,4735
4465,4735
4466,4738
4467,4738
4468,4738
4473,4745
4482,4752
4482,6779
4532,4822
4533,4825
4549,4724
4553,4724
4554,4685
4557,6704
4557,6767
4575,4733
4575,6713
4577,4735
4586,7249
4597,4752
4597,4873
4608,4703
4655,4820
4669,4933
4678,4681
4681,4723
4681,4941
4681,4942
4681,4943
4685,6636
4697,4745
4700,4752
4700,4974
4700,4975
4703,7210
4733,5052
4735,6713
4738,4961
4745,5065
4745,7249
4838,5137
4838,5138
4838,5139
4860,4958
4860,5154
4926,5029
4926,5225
4938,5139
4938,6758
4941,5043
4941,5139
4943,6838
4953,6713
4958,4961
4958,7230
4961,5155
4961,5251
4966,5063
4966,5257
4966,6821
5025,5327
5026,5029
5026,5327
5027,5226
5029,5332
5036,5138
5036,6758
5036,6760
5042,5342
5043,6838
5061,5063
5061,5156
5063,5066
5063,5159
5063,5362
5063,7249
5065,5156
5065,5362
5065,6821
5066,5260
5066,6871
5126,5226
5137,5433
5138,5433
5139,5342
5139,5433
5154,5156
5155,5251
5155,5362
5159,5367
5159,6821
5159,6871
5225,5332
5257,5367
5257,5489
5258,5368
5258,6821
5368,6821
5604,5647
5647,5654
5647,5662
5654,5665
5777,5826
5854,5882
5992,7031
6039,7059
6168,6266
6337,7160
6659,6758
6758,6761
6838,6881
12,131
41,251
49,195
49,336
60,131
60,213
65,221
65,5733
65,6960
68,363
81,172
87,92
99,336
136,218
141,5733
194,408
213,497
228,293
228,366
228,370
247,251
247,549
326,679
329,568
353,497
353,615
363,366
364,367
364,629
367,370
367,629
370,631
401,568
401,679
401,680
407,410
407,5791
408,411
408,784
472,568
497,615
530,818
549,760
557,846
568,680
601,606
615,5733
644,973
673,994
699,863
699,868
707,796
707,5861
711,873
711,1027
714,796
736,817
736,5763
745,898
760,5777
761,5777
788,792
788,5846
792,868
792,1136
796,5832
818,899
818,973
863,5791
863,5923
868,1136
899,1045
899,5854
914,1061
975,1045
975,5854
1027,5832
1045,1257
1052,5883
1061,1341
1061,5992
1062,1341
1062,5992
1121,5882
1132,1215
1132,5945
1136,1309
1136,1379
1138,1235
1138,1244
1188,1510
1207,1361
1209,1526
1235,6026
1244,1313
1257,1585
1258,1328
1258,1585
1304,1547
1309,1552
1309,1658
1313,1552
1313,1557
1313,1558
1326,1328
1346,1744
1347,1744
1350,1750
1350,1753
1361,1769
1361,1772
1435,1769
1532,1888
1532,6103
1533,1888
1534,1888
1553,1557
1557,1812
1558,1814
1620,6123
1622,6123
1622,7059
1705,2048
1744,2176
1744,6018
1750,1755
1753,6123
1755,7072
1756,7072
1769,7059
2077,2480
2077,2481
2161,2270
2161,2448
2161,2578
2176,2480
2176,6212
2276,2706
2276,6290
2310,7072
2313,2490
2313,2612
2313,2737
2338,6303
2394,2654
2394,2905
2394,2907
2394,2908
2465,6266
2481,6213
2517,6303
2537,2653
2537,2908
2590,6168
2653,2905
2653,3034
2713,6168
2727,6213
2776,7119
2853,6213
2854,6213
2863,3358
2887,3016
2887,6303
2905,6337
2907,3181
2908,7160
2916,3048
2916,3238
3010,3497
3016,3171
3018,6303
3047,6337
3048,3181
3048,7160
3181,3238
3238,6488
3238,7160
3699,3801
3699,3926
3699,3976
3928,3976
3942,4335
4025,6646
4025,7210
4030,7210
4107,6562
4170,4382
4377,6620
4377,6646
4379,4382
4382,4703
4549,6659
4549,6758
4577,4958
4602,4703
4602,7210
4608,6646
4608,7210
4681,5043
4685,6767
4703,6646
4735,4852
4735,4953
4838,5036
4852,6715
4860,5251
4941,5342
4942,5342
4953,6715
5036,5433
5042,6881
5043,6881
5052,6713
5066,5368
5139,6881
5155,5489
5156,5489
5159,5489
5224,5332
5258,5489
5342,5433
5433,6881
5647,5665
5791,5846
5846,5923
5854,5883
5933,5992
6168,6295
6636,6767
6659,6760
6661,6767
12,60
12,128
22,195
49,194
49,263
49,410
49,411
60,353
68,293
68,364
99,195
99,410
99,411
128,213
128,270
131,136
136,141
136,497
141,363
173,5777
213,6960
218,6960
221,293
247,393
247,465
270,411
353,6960
366,370
370,630
370,5763
407,5829
408,5829
444,530
444,736
444,813
530,817
568,5829
615,621
644,5763
699,5861
707,788
707,868
713,1027
714,1027
784,5829
784,5923
792,1235
794,1138
794,1235
796,1027
813,5763
863,1133
863,5829
863,5945
943,5945
1051,5882
1121,5883
1133,1304
1133,5846
1138,1309
1138,1317
1274,1744
1278,1750
1279,1750
1313,1317
1524,1772
1538,5945
1553,1558
1558,1812
1620,1750
1620,7072
1622,7072
1637,1772
1744,2077
1750,2077
1769,6182
1772,6182
2161,2447
2161,2702
2176,2365
2276,2704
2276,2833
2276,2837
2313,2618
2313,6182
2394,2653
2654,2907
2772,2776
2776,2905
2878,3497
2908,3047
2916,3047
2916,3536
2916,6488
3048,6337
3048,6488
3162,3497
3497,6331
3536,4025
3802,3976
3856,6488
3927,3976
3938,6659
3939,6659
3940,6659
4025,4030
4025,4602
4030,4172
4030,4608
4107,4669
4170,4608
4234,6767
4268,4602
4341,6767
4430,4669
4735,5052
4825,5332
5027,5332
5052,6715
5124,5416
5327,5416
5415,5604
5604,5654
5880,5882
6488,7204
6707,6733
6707,6826
6826,6828
12,213
12,270
22,194
22,263
22,336
81,307
99,270
128,606
131,353
131,497
136,615
141,621
173,549
213,615
218,621
221,621
228,364
228,629
270,336
270,410
329,5829
444,734
497,606
621,5733
797,1244
1027,1244
1027,1317
1051,5883
1244,1558
1317,1558
2613,2618
2618,2738
2752,3497
2753,3497
3699,4107
3928,4107
3976,4669
4107,4215
4170,6646
4170,6733
4172,4382
4172,6733
4215,4669
4323,4669
4430,4933
4608,6733
4820,5416
4822,5416
4933,5029
4933,5332
5025,5416
5124,5415
5327,5415
5416,5604
5604,5662
5880,5883
12,22
60,128
173,251
307,530
307,745
307,5763
363,621
797,1317
1524,6182
1526,6182
2490,2618
2612,2618
3238,3536
3536,4158
3536,4267
4172,4608
4180,6707
4215,4933
4323,4933
4820,5415
4822,5415
5604,5665
85,173
173,252
307,444
307,644
2916,3181
4172,6646
4172,6707
4382,6733
4703,6733
5415,5647
172,307
4180,6828
5415,5654
5416,5647
6707,6828
6733,6826
4170,6707
4172,4180
4180,6826
4875,6930
4975,6930
5368,6930
5416,5654
6779,6930
4700,6930
4703,6930
5415,5662
81,444
81,5854
4170,4180
4180,6733
5415,5665
5416,5662
81,530
81,745
172,5883
4172,6826
5106,6828
5416,5665
6733,6828
172,5882
172,444
172,5854
4170,6826
4172,6828
5106,6826
4030,7064
4170,7064
4172,7064
4180,7064
1116,7064
1150,7064
4180,5106
5106,6583
5106,6654
3913,5106